recipientsCount,responses,packaging,personality,feedback,timestamp
1,"[{'gender': 'Female', 'knownDuration': '1–3 year', 'id': 1, 'occasion': ['Birthday'], 'ageGroup': '16–20', 'gifts': [{'type': 'Clothing', 'preferredStyle': ['Handmade & Crafted'], 'femaleDressStyle': 'Frock', 'dressSize': 'XS', 'dressColors': ['Maroon'], 'dressType': 'Stitched dress', 'dressPrice': '5000 PKR'}], 'relationship': 'Friend', 'ageType': 'Adult'}]",Simple box,"{'personality': '5', 'experiencePreference': '4', 'handmadePreference': '4', 'budgetFlexibility': 3, 'stylePreference': '2', 'surpriseReaction': '4', 'connectionImportance': '4', 'noteImportance': '4', 'handmadeOverStore': '4', 'sharedMemoriesAppreciation': '4', 'relationshipCloseness': 3, 'uniqueGiftValue': '3', 'practicalOverSentimental': '4'}","{'helpful': 'Yes', 'suggestion': ''}",2026-03-11 20:00:52.375000+00:00
1,"[{'gender': 'Male', 'knownDuration': '1–3 year', 'id': 1, 'occasion': ['Birthday'], 'ageGroup': '25–35', 'gifts': [{'type': 'Jewellery', 'preferredStyle': ['Handmade & Crafted', 'Funny & Lighthearted'], 'jewelryColor': 'Silver', 'quantity': 1, 'jewelryStyle': 'Bracelet', 'jewelryPrice': '2000–3000 PKR'}], 'relationship': 'Friend', 'ageType': 'Adult'}]",Simple box,"{'personality': '5', 'experiencePreference': '4', 'handmadePreference': '4', 'budgetFlexibility': '4', 'stylePreference': '4', 'surpriseReaction': 3, 'connectionImportance': '4', 'noteImportance': '5', 'handmadeOverStore': '5', 'sharedMemoriesAppreciation': '4', 'relationshipCloseness': '4', 'uniqueGiftValue': '5', 'practicalOverSentimental': '5'}","{'helpful': 'Maybe', 'suggestion': ''}",2026-03-14 05:58:52.288000+00:00
3,"[{'gender': 'Female', 'knownDuration': '', 'id': 1, 'kidToyTypes': ['Building Toys (e.g. LEGO)'], 'kidDislikes': ['Noisy Toys'], 'occasion': ['Birthday'], 'ageGroup': '3–6', 'gifts': [{'type': 'Toys', 'kidBudget': '3500 – 5500 PKR'}, {'type': 'Toys', 'kidBudget': '3500 – 5500 PKR'}], 'relationship': 'Close Family(Parent, Sibling, Child)', 'ageType': 'Kid'}, {'gender': 'Female', 'knownDuration': '', 'id': 2, 'kidToyTypes': ['Building Toys (e.g. LEGO)'], 'kidDislikes': ['Noisy Toys'], 'occasion': ['Birthday'], 'ageGroup': '3–6', 'gifts': [{'type': 'Toys', 'kidBudget': '3500 – 5500 PKR'}, {'type': 'Toys', 'kidBudget': '3500 – 5500 PKR'}], 'relationship': 'Close Family(Parent, Sibling, Child)', 'ageType': 'Kid'}, {'gender': 'Male', 'knownDuration': '1–3 year', 'id': 3, 'occasion': ['Graduation'], 'ageGroup': '20–25', 'gifts': [{'type': 'Edible Stuff', 'preferredStyle': ['Handmade & Crafted'], 'edibleQuantity': 1, 'flavours': {'Chocolates': 'Milk Chocolate'}, 'foodItems': ['Chocolates'], 'ediblePrice': '3000–4000 PKR'}], 'relationship': 'Extended Family (Aunt, Uncle, Cousin)', 'ageType': 'Adult'}]",Basket with net,"{'personality': '4', 'experiencePreference': '4', 'handmadePreference': '4', 'budgetFlexibility': '4', 'stylePreference': '2', 'surpriseReaction': '2', 'connectionImportance': '4', 'noteImportance': '4', 'handmadeOverStore': '4', 'sharedMemoriesAppreciation': '4', 'relationshipCloseness': '4', 'uniqueGiftValue': '4', 'practicalOverSentimental': '4'}","{'helpful': 'Yes', 'suggestion': ''}",2026-01-08 19:22:06.724000+00:00
2,"[{'gender': 'Male', 'knownDuration': '3–5 year', 'id': 1, 'occasion': ['Birthday'], 'ageGroup': '20–25', 'gifts': [{'type': 'Jewellery', 'preferredStyle': ['Quirky & Unique'], 'jewelryColor': 'Gold', 'quantity': 1, 'jewelryStyle': 'Rings', 'jewelryPrice': '3000–4000 PKR'}], 'relationship': 'Close Family(Parent, Sibling, Child)', 'ageType': 'Adult'}, {'gender': 'Female', 'knownDuration': '', 'id': 2, 'kidToyTypes': ['Arts & Crafts'], 'kidDislikes': ['Animated Cartoons'], 'occasion': ['Holiday'], 'ageGroup': '6–9', 'gifts': [{'type': 'Toys', 'kidBudget': '3500 – 5500 PKR'}, {'type': 'Accessories', 'quantity': 1, 'jewelryStyle': 'Bracelets', 'jewelryColors': 'Green', 'jewelryPrice': '4000–5000 PKR'}], 'relationship': 'Extended Family (Aunt, Uncle, Cousin)', 'ageType': 'Kid'}]",Basket with ribbon,"{'personality': '2', 'experiencePreference': '4', 'handmadePreference': '1', 'budgetFlexibility': '4', 'stylePreference': '4', 'surpriseReaction': '4', 'connectionImportance': '4', 'noteImportance': '5', 'handmadeOverStore': '4', 'sharedMemoriesAppreciation': '5', 'relationshipCloseness': '4', 'uniqueGiftValue': '5', 'practicalOverSentimental': '4'}","{'helpful': 'Maybe', 'suggestion': ''}",2025-12-30 09:21:13.412000+00:00
1,"[{'gender': 'Male', 'knownDuration': '3–5 year', 'id': 1, 'occasion': ['Holiday'], 'ageGroup': '20–25', 'gifts': [{'type': 'Perfume', 'preferredStyle': ['Handmade & Crafted'], 'perfumeScent': 'Floral', 'perfumePrice': '7000–10,000 PKR'}], 'relationship': 'Close Family(Parent, Sibling, Child)', 'ageType': 'Adult'}]",Simple box,"{'personality': 3, 'experiencePreference': 3, 'handmadePreference': 3, 'budgetFlexibility': 3, 'stylePreference': 3, 'surpriseReaction': 3, 'connectionImportance': 3, 'noteImportance': 3, 'handmadeOverStore': 3, 'sharedMemoriesAppreciation': 3, 'relationshipCloseness': 3, 'uniqueGiftValue': 3, 'practicalOverSentimental': 3}","{'helpful': 'Yes', 'suggestion': ''}",2026-04-05 22:30:07.871000+00:00
1,"[{'gender': 'Female', 'knownDuration': '', 'id': 1, 'kidToyTypes': ['Building Toys (e.g. LEGO)'], 'kidDislikes': ['Noisy Toys'], 'occasion': ['Birthday'], 'ageGroup': '12–15', 'gifts': [{'type': 'Toys', 'kidBudget': '3500 PKR'}], 'relationship': 'Other', 'ageType': 'Kid'}]",Simple box,"{'personality': 3, 'experiencePreference': 3, 'handmadePreference': 3, 'budgetFlexibility': 3, 'stylePreference': 3, 'surpriseReaction': 3, 'connectionImportance': 3, 'noteImportance': 3, 'handmadeOverStore': 3, 'sharedMemoriesAppreciation': 3, 'relationshipCloseness': 3, 'uniqueGiftValue': 3, 'practicalOverSentimental': 3}","{'helpful': 'No', 'suggestion': ''}",2025-12-23 06:18:11.309000+00:00
1,"[{'gender': 'Male', 'knownDuration': '1–3 year', 'id': 1, 'occasion': ['Birthday'], 'ageGroup': '16–20', 'gifts': [{'type': 'Perfume', 'preferredStyle': ['Funny & Lighthearted'], 'perfumeScent': 'Sweet', 'perfumePrice': '5000 PKR'}], 'relationship': 'Friend', 'ageType': 'Adult'}]",Acrylic box,"{'personality': 3, 'experiencePreference': 3, 'handmadePreference': 3, 'budgetFlexibility': '4', 'stylePreference': 3, 'surpriseReaction': 3, 'connectionImportance': 3, 'noteImportance': 3, 'handmadeOverStore': 3, 'sharedMemoriesAppreciation': 3, 'relationshipCloseness': 3, 'uniqueGiftValue': 3, 'practicalOverSentimental': 3}","{'helpful': 'No', 'suggestion': 'None'}",2026-04-08 05:21:06.479000+00:00
2,"[{'gender': 'Male', 'knownDuration': '3–5 year', 'id': 1, 'occasion': ['Birthday'], 'ageGroup': '20–25', 'gifts': [{'type': 'Clothing', 'preferredStyle': ['Handmade & Crafted'], 'dressSize': 'L', 'maleDressStyle': 'Kurta', 'dressColors': ['Black'], 'dressType': 'Stitched dress', 'dressPrice': '5000 PKR'}], 'relationship': 'Friend', 'ageType': 'Adult'}, {'gender': 'Male', 'knownDuration': '3–5 year', 'id': 2, 'occasion': ['Birthday'], 'ageGroup': '20–25', 'gifts': [{'type': 'Clothing', 'preferredStyle': ['Handmade & Crafted'], 'dressSize': 'L', 'maleDressStyle': 'Kurta', 'dressColors': ['Black'], 'dressType': 'Stitched dress', 'dressPrice': '5000 PKR'}], 'relationship': 'Friend', 'ageType': 'Adult'}]",Simple box,"{'personality': 3, 'experiencePreference': 3, 'handmadePreference': 3, 'budgetFlexibility': 3, 'stylePreference': 3, 'surpriseReaction': 3, 'connectionImportance': 3, 'noteImportance': 3, 'handmadeOverStore': 3, 'sharedMemoriesAppreciation': 3, 'relationshipCloseness': 3, 'uniqueGiftValue': 3, 'practicalOverSentimental': 3}","{'helpful': 'Yes', 'suggestion': 'You guys did work Hard'}",2026-03-14 04:11:22.070000+00:00
1,"[{'gender': 'Male', 'knownDuration': '5+ year', 'id': 1, 'occasion': ['Birthday'], 'ageGroup': '20–25', 'gifts': [{'type': 'Perfume', 'preferredStyle': ['Handmade & Crafted'], 'perfumeScent': 'Spicy', 'perfumePrice': '7000–10,000 PKR'}], 'relationship': 'Close Family(Parent, Sibling, Child)', 'ageType': 'Adult'}]",Basket with ribbon,"{'personality': 3, 'experiencePreference': 3, 'handmadePreference': 3, 'budgetFlexibility': 3, 'stylePreference': 3, 'surpriseReaction': 3, 'connectionImportance': 3, 'noteImportance': 3, 'handmadeOverStore': 3, 'sharedMemoriesAppreciation': 3, 'relationshipCloseness': 3, 'uniqueGiftValue': 3, 'practicalOverSentimental': 3}","{'helpful': 'Yes', 'suggestion': 'Gg'}",2026-03-14 07:04:07.629000+00:00
1,"[{'gender': 'Male', 'knownDuration': '5+ year', 'id': 1, 'occasion': ['Birthday'], 'ageGroup': '25–35', 'gifts': [{'type': 'Perfume', 'perfumeScent': 'Spicy', 'perfumePrice': '12,000–15,000 PKR'}], 'relationship': 'Close Family(Parent, Sibling, Child)', 'ageType': 'Adult'}]",Basket with ribbon,"{'personality': 3, 'experiencePreference': 3, 'handmadePreference': 3, 'budgetFlexibility': 3, 'stylePreference': 3, 'surpriseReaction': 3, 'connectionImportance': 3, 'noteImportance': 3, 'handmadeOverStore': 3, 'sharedMemoriesAppreciation': 3, 'relationshipCloseness': 3, 'uniqueGiftValue': 3, 'practicalOverSentimental': 3}","{'helpful': '', 'suggestion': ''}",2025-12-23 05:31:27.108000+00:00
1,"[{'gender': 'Female', 'knownDuration': '5+ year', 'id': 1, 'occasion': ['Birthday'], 'ageGroup': '20–25', 'gifts': [{'type': 'Edible Stuff', 'preferredStyle': ['Handmade & Crafted'], 'edibleQuantity': 1, 'flavours': {'Chocolates': 'Milk Chocolate'}, 'foodItems': ['Chocolates'], 'ediblePrice': '1000 PKR'}, {'type': 'Jewellery', 'preferredStyle': ['Handmade & Crafted'], 'jewelryColor': 'Silver', 'quantity': 1, 'jewelryStyle': 'Earrings', 'jewelryPrice': '1000–2000 PKR'}, {'type': 'Bag/Wallet', 'preferredStyle': ['Handmade & Crafted'], 'walletColor': 'Black', 'walletPrice': '3000–5000 PKR', 'walletStyle': 'Tote bags'}, {'type': 'Perfume', 'preferredStyle': ['Handmade & Crafted'], 'perfumeScent': 'Floral', 'perfumePrice': '5000 PKR'}, {'type': 'Edible Stuff', 'preferredStyle': ['Handmade & Crafted'], 'edibleQuantity': 1, 'flavours': {'Brownie': 'Classic Fudge'}, 'foodItems': ['Brownie'], 'ediblePrice': '1000 PKR'}], 'relationship': 'Friend', 'ageType': 'Adult'}]",Basket with net,"{'personality': 3, 'experiencePreference': 3, 'handmadePreference': 3, 'budgetFlexibility': 3, 'stylePreference': 3, 'surpriseReaction': 3, 'connectionImportance': 3, 'noteImportance': 3, 'handmadeOverStore': 3, 'sharedMemoriesAppreciation': 3, 'relationshipCloseness': 3, 'uniqueGiftValue': 3, 'practicalOverSentimental': 3}","{'helpful': 'Maybe', 'suggestion': 'I guess it should include more options'}",2026-03-14 13:05:40.072000+00:00
1,"[{'gender': 'Male', 'knownDuration': '5+ year', 'id': 1, 'occasion': ['Thank you gift'], 'ageGroup': '20–25', 'gifts': [{'type': 'Edible Stuff', 'preferredStyle': ['Handmade & Crafted'], 'edibleQuantity': 1, 'flavours': {'Snacks': 'Sour Cream & Onion'}, 'foodItems': ['Snacks'], 'ediblePrice': '1000–2000 PKR'}], 'relationship': 'Friend', 'ageType': 'Adult'}]",Basket with net,"{'personality': 3, 'experiencePreference': '5', 'handmadePreference': '5', 'budgetFlexibility': '4', 'stylePreference': '5', 'surpriseReaction': '5', 'connectionImportance': '5', 'noteImportance': '5', 'handmadeOverStore': '5', 'sharedMemoriesAppreciation': '5', 'relationshipCloseness': '5', 'uniqueGiftValue': '5', 'practicalOverSentimental': '5'}","{'helpful': 'Yes', 'suggestion': ''}",2026-01-08 15:52:25.979000+00:00
10,"[{'gender': 'Female', 'knownDuration': '5+ year', 'id': 1, 'occasion': ['Birthday', 'Wedding/Engagement gift', 'Thank you gift', 'Get well soon', 'Other', 'Graduation'], 'ageGroup': '25–35', 'gifts': [{'type': 'Bag/Wallet', 'preferredStyle': ['Quirky & Unique'], 'walletColor': 'Blue', 'walletPrice': '10,000–15,000 PKR', 'walletStyle': 'Mini wallets'}], 'relationship': 'Colleague/Professional', 'ageType': 'Adult'}, {'gender': 'Female', 'knownDuration': '5+ year', 'id': 2, 'occasion': ['Graduation', 'Birthday', 'Thank you gift', 'Get well soon', 'Other'], 'ageGroup': '20–25', 'gifts': [{'type': 'Jewellery', 'preferredStyle': ['Handmade & Crafted'], 'jewelryColor': 'Gold', 'quantity': 2, 'jewelryStyle': 'Earrings', 'jewelryPrice': '2000–3000 PKR'}], 'relationship': 'Close Family(Parent, Sibling, Child)', 'ageType': 'Adult'}, {'gender': 'Male', 'knownDuration': '5+ year', 'id': 3, 'occasion': ['Birthday', 'Graduation', 'Thank you gift', 'Get well soon', 'Other'], 'ageGroup': '20–25', 'gifts': [{'type': 'Clothing', 'preferredStyle': ['Funny & Lighthearted'], 'dressPieces': 'Two-piece', 'dressColors': ['Purple'], 'dressType': 'Unstitched dress', 'dressPrice': '5000–8000 PKR'}], 'relationship': 'Close Family(Parent, Sibling, Child)', 'ageType': 'Adult'}, {'gender': 'Male', 'knownDuration': '1–3 year', 'id': 4, 'occasion': ['Birthday', 'Graduation', 'Get well soon'], 'ageGroup': '25–35', 'gifts': [{'type': 'Edible Stuff', 'preferredStyle': ['Quirky & Unique'], 'edibleQuantity': 1, 'flavours': {'Chocolates': 'Milk Chocolate'}, 'foodItems': ['Chocolates'], 'ediblePrice': '1000 PKR'}], 'relationship': 'Extended Family (Aunt, Uncle, Cousin)', 'ageType': 'Adult'}, {'gender': 'Female', 'knownDuration': '5+ year', 'id': 5, 'occasion': ['Birthday', 'Get well soon', 'Other'], 'ageGroup': '20–25', 'gifts': [{'type': 'Makeup Products', 'preferredStyle': ['Funny & Lighthearted'], 'makeupPrice': '4000–5000 PKR', 'makeupItem': 'Different brushes palette'}], 'relationship': 'Friend', 'ageType': 'Adult'}, {'gender': 'Female', 'knownDuration': '1–3 year', 'id': 6, 'occasion': ['Graduation'], 'ageGroup': '25–35', 'gifts': [{'type': 'Edible Stuff', 'preferredStyle': ['Quirky & Unique'], 'edibleQuantity': 2, 'flavours': {'Chocolates': 'Dark Chocolate'}, 'foodItems': ['Chocolates', 'Cola cans'], 'ediblePrice': '1000–2000 PKR'}], 'relationship': 'Close Family(Parent, Sibling, Child)', 'ageType': 'Adult'}, {'gender': 'Male', 'knownDuration': 'Less than a year', 'id': 7, 'occasion': ['Birthday', 'Thank you gift'], 'ageGroup': 'More than 35 years', 'gifts': [{'type': 'Shoes', 'preferredStyle': ['Quirky & Unique'], 'shoePrice': '5000–10,000 PKR', 'shoeStyle': 'Formal shoes', 'shoeColor': 'Light brown', 'shoeSize': '42'}], 'relationship': 'Colleague/Professional', 'ageType': 'Adult'}, {'gender': 'Female', 'knownDuration': '1–3 year', 'id': 8, 'occasion': ['Anniversary'], 'ageGroup': '25–35', 'gifts': [{'type': 'Clothing', 'preferredStyle': ['Handmade & Crafted'], 'femaleDressStyle': 'Frock', 'dressSize': 'S', 'dressColors': ['Yellow'], 'dressType': 'Stitched dress', 'dressPrice': '5000 PKR'}], 'relationship': 'Colleague/Professional', 'ageType': 'Adult'}, {'gender': 'Male', 'knownDuration': '3–5 year', 'id': 9, 'occasion': ['Wedding/Engagement gift'], 'ageGroup': '25–35', 'gifts': [{'type': 'Edible Stuff', 'preferredStyle': ['Handmade & Crafted', 'Quirky & Unique'], 'edibleQuantity': 2, 'flavours': {'Chocolates': 'Dark Chocolate', 'Cake': 'Red Velvet'}, 'foodItems': ['Chocolates', 'Cake'], 'ediblePrice': '1000–2000 PKR'}], 'relationship': 'Extended Family (Aunt, Uncle, Cousin)', 'ageType': 'Adult'}, {'gender': 'Female', 'knownDuration': '', 'id': 10, 'kidToyTypes': ['Dolls'], 'kidDislikes': ['Electronic Gadgets'], 'occasion': ['Birthday', 'Graduation', 'Thank you gift'], 'ageGroup': '12–15', 'gifts': [{'type': 'Accessories', 'quantity': 1, 'jewelryStyle': 'Bracelets', 'jewelryColors': 'Blue', 'jewelryPrice': '1000–2000 PKR'}], 'relationship': 'Close Family(Parent, Sibling, Child)', 'ageType': 'Kid'}]",Acrylic box,"{'personality': '5', 'experiencePreference': '4', 'handmadePreference': '5', 'budgetFlexibility': '5', 'stylePreference': '5', 'surpriseReaction': '4', 'connectionImportance': '5', 'noteImportance': '4', 'handmadeOverStore': '5', 'sharedMemoriesAppreciation': '5', 'relationshipCloseness': '4', 'uniqueGiftValue': '4', 'practicalOverSentimental': '4'}","{'helpful': 'Yes', 'suggestion': 'Everything was quite upto the mark in this questionare'}",2025-12-26 04:48:29.481000+00:00
4,"[{'gender': 'Male', 'knownDuration': '5+ year', 'id': 1, 'occasion': ['Holiday'], 'ageGroup': '20–25', 'gifts': [{'type': 'Jewellery', 'preferredStyle': ['Quirky & Unique'], 'jewelryColor': 'Silver', 'quantity': 4, 'jewelryStyle': 'Wrist bands', 'jewelryPrice': '3000–4000 PKR'}, {'type': 'Clothing', 'preferredStyle': ['Funny & Lighthearted'], 'dressPieces': 'Three-piece', 'dressColors': ['Yellow'], 'dressType': 'Unstitched dress', 'dressPrice': '10,000–15,000 PKR'}, {'type': 'Clothing', 'preferredStyle': ['Quirky & Unique'], 'dressSize': 'L', 'maleDressStyle': 'Waistcoats', 'dressColors': ['Black'], 'dressType': 'Stitched dress', 'dressPrice': '5000–8000 PKR'}], 'relationship': 'Extended Family (Aunt, Uncle, Cousin)', 'ageType': 'Adult'}, {'gender': 'Female', 'knownDuration': '1–3 year', 'id': 2, 'occasion': ['Birthday'], 'ageGroup': '20–25', 'gifts': [{'type': 'Perfume', 'preferredStyle': ['Handmade & Crafted'], 'perfumeScent': 'Floral', 'perfumePrice': '5000–7000 PKR'}, {'type': 'Jewellery', 'preferredStyle': ['Funny & Lighthearted'], 'jewelryColor': 'Gold', 'quantity': 3, 'jewelryStyle': 'Jhumkis', 'jewelryPrice': '3000–4000 PKR'}], 'relationship': 'Colleague/Professional', 'ageType': 'Adult'}, {'gender': 'Female', 'knownDuration': '1–3 year', 'id': 3, 'occasion': ['Other'], 'ageGroup': '20–25', 'gifts': [{'type': 'Edible Stuff', 'preferredStyle': ['Funny & Lighthearted'], 'edibleQuantity': 2, 'flavours': {'Chocolates': 'Milk Chocolate', 'Jellies': 'Mango'}, 'foodItems': ['Chocolates', 'Jellies'], 'ediblePrice': '1000–2000 PKR'}, {'type': 'Clothing', 'preferredStyle': ['Funny & Lighthearted'], 'femaleDressStyle': 'Shirt', 'dressSize': 'L', 'dressColors': ['Red'], 'dressType': 'Stitched dress', 'dressPrice': '5000–8000 PKR'}, {'type': 'Jewellery', 'preferredStyle': ['Funny & Lighthearted'], 'jewelryColor': 'Gold', 'quantity': 6, 'jewelryStyle': 'Necklace', 'jewelryPrice': '4000–5000 PKR'}, {'type': 'Makeup Products', 'preferredStyle': ['Quirky & Unique'], 'makeupPrice': '4000–5000 PKR', 'makeupItem': 'Foundation'}], 'relationship': 'Spouse', 'ageType': 'Adult'}, {'gender': 'Male', 'knownDuration': '3–5 year', 'id': 4, 'occasion': ['Thank you gift'], 'ageGroup': '25–35', 'gifts': [{'type': 'Wallet', 'preferredStyle': ['Funny & Lighthearted'], 'walletColor': 'Camel brown', 'walletEngraving': 'SW', 'walletPrice': '8000–10,000 PKR', 'walletStyle': 'Front-pocket wallets'}], 'relationship': 'Colleague/Professional', 'ageType': 'Adult'}]",Basket with ribbon,"{'personality': 3, 'experiencePreference': '1', 'handmadePreference': '1', 'budgetFlexibility': '1', 'stylePreference': '5', 'surpriseReaction': '1', 'connectionImportance': '5', 'noteImportance': '5', 'handmadeOverStore': '1', 'sharedMemoriesAppreciation': '5', 'relationshipCloseness': '5', 'uniqueGiftValue': '5', 'practicalOverSentimental': 3}","{'helpful': 'Maybe', 'suggestion': ''}",2025-12-25 09:28:40.835000+00:00
1,"[{'gender': 'Male', 'knownDuration': '5+ year', 'id': 1, 'occasion': ['Birthday'], 'ageGroup': '20–25', 'gifts': [{'type': 'Jewellery', 'preferredStyle': ['Handmade & Crafted'], 'jewelryColor': 'Silver', 'quantity': 1, 'jewelryStyle': 'Chain', 'jewelryPrice': 'More than 5000 PKR'}], 'relationship': 'Close Family(Parent, Sibling, Child)', 'ageType': 'Adult'}]",Simple box,"{'personality': 3, 'experiencePreference': 3, 'handmadePreference': 3, 'budgetFlexibility': 3, 'stylePreference': 3, 'surpriseReaction': 3, 'connectionImportance': 3, 'noteImportance': 3, 'handmadeOverStore': 3, 'sharedMemoriesAppreciation': 3, 'relationshipCloseness': 3, 'uniqueGiftValue': 3, 'practicalOverSentimental': 3}","{'helpful': '', 'suggestion': ''}",2025-12-22 18:44:07.050000+00:00
1,"[{'gender': 'Male', 'knownDuration': '5+ year', 'id': 1, 'occasion': ['Birthday'], 'ageGroup': '20–25', 'gifts': [{'type': 'Wallet', 'preferredStyle': ['Handmade & Crafted'], 'walletColor': 'Black', 'walletPrice': '8000–10,000 PKR', 'walletStyle': 'Bifold wallets'}], 'relationship': 'Friend', 'ageType': 'Adult'}]",Basket with ribbon,"{'personality': 3, 'experiencePreference': 3, 'handmadePreference': 3, 'budgetFlexibility': 3, 'stylePreference': 3, 'surpriseReaction': 3, 'connectionImportance': 3, 'noteImportance': 3, 'handmadeOverStore': 3, 'sharedMemoriesAppreciation': 3, 'relationshipCloseness': 3, 'uniqueGiftValue': 3, 'practicalOverSentimental': 3}","{'helpful': 'Yes', 'suggestion': ''}",2026-03-13 23:22:56.051000+00:00
1,"[{'gender': 'Male', 'knownDuration': 'Less than a year', 'id': 1, 'occasion': ['Holiday'], 'ageGroup': '25–35', 'gifts': [{'type': 'Clothing', 'preferredStyle': ['Handmade & Crafted'], 'dressPieces': 'Two-piece', 'dressColors': ['White'], 'dressType': 'Unstitched dress', 'dressPrice': '5000–8000 PKR'}], 'relationship': 'Extended Family (Aunt, Uncle, Cousin)', 'ageType': 'Adult'}]",Simple box,"{'personality': 3, 'experiencePreference': 3, 'handmadePreference': 3, 'budgetFlexibility': 3, 'stylePreference': 3, 'surpriseReaction': 3, 'connectionImportance': 3, 'noteImportance': 3, 'handmadeOverStore': 3, 'sharedMemoriesAppreciation': 3, 'relationshipCloseness': 3, 'uniqueGiftValue': 3, 'practicalOverSentimental': 3}","{'helpful': 'Yes', 'suggestion': ''}",2026-03-14 10:29:47.293000+00:00
3,"[{'gender': 'Male', 'knownDuration': '5+ year', 'id': 1, 'occasion': ['Birthday'], 'ageGroup': '25–35', 'gifts': [{'type': 'Clothing', 'preferredStyle': ['Handmade & Crafted'], 'dressSize': 'L', 'maleDressStyle': 'Shalwar kameez', 'dressColors': ['Blue'], 'dressType': 'Stitched dress', 'dressPrice': '10,000–15,000 PKR'}, {'type': 'Perfume', 'preferredStyle': ['Quirky & Unique'], 'perfumeScent': 'Spicy', 'perfumePrice': '10,000–12,000 PKR'}, {'type': 'Wallet', 'preferredStyle': ['Funny & Lighthearted'], 'walletColor': 'Camel brown', 'walletPrice': '8000–10,000 PKR', 'walletStyle': 'Travelling wallets'}], 'relationship': 'Close Family(Parent, Sibling, Child)', 'ageType': 'Adult'}, {'gender': 'Female', 'relationship': 'Close Family(Parent, Sibling, Child)', 'id': 2, 'occasion': ['Thank you gift'], 'ageGroup': '25–35', 'gifts': [{'type': 'Edible Stuff', 'preferredStyle': ['Quirky & Unique'], 'edibleQuantity': 1, 'foodItems': ['Cola cans'], 'ediblePrice': '3000–4000 PKR'}], 'knownDuration': '5+ year', 'ageType': 'Adult'}, {'gender': 'Female', 'knownDuration': '3–5 year', 'id': 3, 'occasion': ['Anniversary'], 'ageGroup': 'More than 35 years', 'gifts': [{'type': 'Jewellery', 'preferredStyle': ['Handmade & Crafted'], 'jewelryColor': 'Gold', 'quantity': 1, 'jewelryStyle': 'Jhumkis', 'jewelryPrice': '4000–5000 PKR'}], 'relationship': 'Extended Family (Aunt, Uncle, Cousin)', 'ageType': 'Adult'}]",Basket with ribbon,"{'personality': '3', 'experiencePreference': '2', 'handmadePreference': 3, 'budgetFlexibility': '4', 'stylePreference': '4', 'surpriseReaction': '2', 'connectionImportance': 3, 'noteImportance': '4', 'handmadeOverStore': '2', 'sharedMemoriesAppreciation': '2', 'relationshipCloseness': '4', 'uniqueGiftValue': '4', 'practicalOverSentimental': '2'}","{'helpful': 'No', 'suggestion': ''}",2026-02-21 13:57:18.643000+00:00
1,"[{'gender': 'Female', 'knownDuration': '3–5 year', 'id': 1, 'occasion': ['Other'], 'ageGroup': '20–25', 'gifts': [{'type': 'Edible Stuff', 'preferredStyle': ['Funny & Lighthearted'], 'edibleQuantity': 1, 'flavours': {'Cupcakes': 'Chocolate'}, 'foodItems': ['Cupcakes'], 'ediblePrice': '5000–6000 PKR'}], 'relationship': 'Colleague/Professional', 'ageType': 'Adult'}]",Simple box,"{'personality': 3, 'experiencePreference': 3, 'handmadePreference': 3, 'budgetFlexibility': 3, 'stylePreference': 3, 'surpriseReaction': 3, 'connectionImportance': 3, 'noteImportance': 3, 'handmadeOverStore': 3, 'sharedMemoriesAppreciation': 3, 'relationshipCloseness': 3, 'uniqueGiftValue': 3, 'practicalOverSentimental': 3}","{'helpful': 'Yes', 'suggestion': ''}",2026-04-05 14:27:11.293000+00:00
1,"[{'gender': 'Female', 'knownDuration': '5+ year', 'id': 1, 'occasion': ['Birthday'], 'ageGroup': '20–25', 'gifts': [{'type': 'Edible Stuff', 'preferredStyle': ['Handmade & Crafted'], 'edibleQuantity': 2, 'flavours': {'Chocolates': 'Hazelnut', 'Brownie': 'Classic Fudge'}, 'foodItems': ['Chocolates', 'Brownie'], 'ediblePrice': '1000–2000 PKR'}], 'relationship': 'Close Family(Parent, Sibling, Child)', 'ageType': 'Adult'}]",Basket with net,"{'personality': 3, 'experiencePreference': '4', 'handmadePreference': 3, 'budgetFlexibility': 3, 'stylePreference': 3, 'surpriseReaction': 3, 'connectionImportance': 3, 'noteImportance': 3, 'handmadeOverStore': 3, 'sharedMemoriesAppreciation': 3, 'relationshipCloseness': 3, 'uniqueGiftValue': 3, 'practicalOverSentimental': 3}","{'helpful': 'Yes', 'suggestion': ''}",2026-03-11 19:30:58.908000+00:00
3,"[{'gender': 'Male', 'knownDuration': '5+ year', 'id': 1, 'occasion': ['Holiday'], 'ageGroup': '20–25', 'gifts': [{'type': 'Clothing', 'preferredStyle': ['Funny & Lighthearted'], 'dressPieces': 'Two-piece', 'dressColors': ['Grey'], 'dressType': 'Unstitched dress', 'dressPrice': '5000–8000 PKR'}, {'type': 'Perfume', 'preferredStyle': ['Handmade & Crafted'], 'perfumeScent': 'Spicy', 'perfumePrice': '5000 PKR'}], 'relationship': 'Extended Family (Aunt, Uncle, Cousin)', 'ageType': 'Adult'}, {'gender': 'Female', 'knownDuration': '5+ year', 'id': 2, 'occasion': ['Birthday'], 'ageGroup': '16–20', 'gifts': [{'type': 'Jewellery', 'preferredStyle': ['Funny & Lighthearted'], 'jewelryColor': 'Gold', 'quantity': 4, 'jewelryStyle': 'Jhumkis', 'jewelryPrice': '3000–4000 PKR'}, {'type': 'Makeup Products', 'preferredStyle': ['Funny & Lighthearted'], 'makeupPrice': '1000–3000 PKR', 'makeupItem': 'Lip gloss'}, {'type': 'Shoes', 'preferredStyle': ['Funny & Lighthearted'], 'shoePrice': '5000–10,000 PKR', 'shoeStyle': 'Sliders', 'shoeColor': 'White', 'shoeSize': '37'}, {'type': 'Edible Stuff', 'preferredStyle': ['Quirky & Unique'], 'edibleQuantity': 3, 'flavours': {'Popcorns': 'Spicy', 'Snacks': 'Spicy Chili', 'Marshmellows': 'Chocolate-coated'}, 'foodItems': ['Popcorns', 'Snacks', 'Marshmellows'], 'ediblePrice': '3000–4000 PKR'}], 'relationship': 'Extended Family (Aunt, Uncle, Cousin)', 'ageType': 'Adult'}, {'gender': 'Female', 'knownDuration': '3–5 year', 'id': 3, 'occasion': ['Graduation'], 'ageGroup': '20–25', 'gifts': [{'type': 'Clothing', 'preferredStyle': ['Funny & Lighthearted'], 'dressPieces': 'Three-piece', 'dressColors': ['Maroon'], 'dressType': 'Unstitched dress', 'dressPrice': '10,000–15,000 PKR'}], 'relationship': 'Colleague/Professional', 'ageType': 'Adult'}]",Basket with ribbon,"{'personality': '5', 'experiencePreference': 3, 'handmadePreference': '1', 'budgetFlexibility': '1', 'stylePreference': '5', 'surpriseReaction': '1', 'connectionImportance': '4', 'noteImportance': '5', 'handmadeOverStore': '2', 'sharedMemoriesAppreciation': '3', 'relationshipCloseness': '1', 'uniqueGiftValue': '3', 'practicalOverSentimental': '1'}","{'helpful': 'Yes', 'suggestion': ''}",2026-03-23 00:19:59.513000+00:00
3,"[{'gender': 'Male', 'knownDuration': '5+ year', 'id': 1, 'occasion': ['Birthday'], 'ageGroup': '20–25', 'gifts': [{'type': 'Clothing', 'preferredStyle': ['Handmade & Crafted'], 'dressPieces': 'Three-piece', 'dressColors': ['Black'], 'dressType': 'Unstitched dress', 'dressPrice': '10,000–15,000 PKR'}, {'type': 'Perfume', 'preferredStyle': ['Quirky & Unique'], 'perfumeScent': 'Floral', 'perfumePrice': '5000–7000 PKR'}], 'relationship': 'Spouse', 'ageType': 'Adult'}, {'gender': 'Male', 'knownDuration': '3–5 year', 'id': 2, 'occasion': ['Anniversary'], 'ageGroup': '25–35', 'gifts': [{'type': 'Shoes', 'preferredStyle': ['Handmade & Crafted'], 'shoePrice': '10,000–15,000 PKR', 'shoeStyle': 'Loafers', 'shoeSize': '41', 'shoeColor': 'Black'}], 'relationship': 'Close Family(Parent, Sibling, Child)', 'ageType': 'Adult'}, {'gender': 'Male', 'knownDuration': '3–5 year', 'id': 3, 'occasion': ['Wedding/Engagement gift'], 'ageGroup': '20–25', 'gifts': [{'type': 'Edible Stuff', 'preferredStyle': ['Handmade & Crafted'], 'edibleQuantity': 1, 'flavours': {'Chocolates': 'Hazelnut'}, 'foodItems': ['Chocolates'], 'ediblePrice': '4000–5000 PKR'}], 'relationship': 'Close Family(Parent, Sibling, Child)', 'ageType': 'Adult'}]",Acrylic box,"{'personality': 3, 'experiencePreference': 3, 'handmadePreference': 3, 'budgetFlexibility': 3, 'stylePreference': 3, 'surpriseReaction': 3, 'connectionImportance': 3, 'noteImportance': 3, 'handmadeOverStore': 3, 'sharedMemoriesAppreciation': 3, 'relationshipCloseness': 3, 'uniqueGiftValue': 3, 'practicalOverSentimental': 3}","{'helpful': 'Yes', 'suggestion': ''}",2026-03-13 23:51:13.745000+00:00
3,"[{'gender': 'Female', 'knownDuration': '1–3 year', 'id': 1, 'occasion': ['Other', 'Thank you gift'], 'ageGroup': '20–25', 'gifts': [{'type': 'Bag/Wallet', 'preferredStyle': ['Quirky & Unique'], 'walletColor': 'Red', 'walletPrice': '3000–5000 PKR', 'walletStyle': 'Mini wallets'}], 'relationship': 'Close Family(Parent, Sibling, Child)', 'ageType': 'Adult'}, {'gender': 'Female', 'knownDuration': '1–3 year', 'id': 2, 'occasion': ['Get well soon'], 'ageGroup': '20–25', 'gifts': [{'type': 'Edible Stuff', 'preferredStyle': ['Quirky & Unique'], 'edibleQuantity': 1, 'flavours': {'Chocolates': 'Milk Chocolate'}, 'foodItems': ['Chocolates'], 'ediblePrice': '1000–2000 PKR'}, {'type': 'Perfume', 'preferredStyle': ['Quirky & Unique'], 'perfumeScent': 'Floral', 'perfumePrice': '5000 PKR'}, {'type': 'Jewellery', 'preferredStyle': ['Funny & Lighthearted', 'Quirky & Unique'], 'jewelryColor': 'Gold', 'quantity': 1, 'jewelryStyle': 'Rings', 'jewelryPrice': '2000–3000 PKR'}], 'relationship': 'Friend', 'ageType': 'Adult'}, {'gender': 'Female', 'knownDuration': '5+ year', 'id': 3, 'occasion': ['Wedding/Engagement gift'], 'ageGroup': '20–25', 'gifts': [{'type': 'Clothing', 'preferredStyle': ['Handmade & Crafted', 'Quirky & Unique'], 'dressPieces': 'Three-piece', 'dressColors': ['Maroon'], 'dressType': 'Unstitched dress', 'dressPrice': '5000–8000 PKR'}, {'type': 'Bag/Wallet', 'preferredStyle': ['Handmade & Crafted'], 'walletColor': 'Black', 'walletPrice': '3000–5000 PKR', 'walletStyle': 'Clutch'}], 'relationship': 'Extended Family (Aunt, Uncle, Cousin)', 'ageType': 'Adult'}]",Basket with ribbon,"{'personality': '3', 'experiencePreference': '2', 'handmadePreference': '5', 'budgetFlexibility': '4', 'stylePreference': 3, 'surpriseReaction': '5', 'connectionImportance': '4', 'noteImportance': '5', 'handmadeOverStore': '5', 'sharedMemoriesAppreciation': '5', 'relationshipCloseness': '4', 'uniqueGiftValue': '4', 'practicalOverSentimental': '5'}","{'helpful': 'Maybe', 'suggestion': ''}",2026-03-14 19:07:18.262000+00:00
1,"[{'gender': 'Male', 'knownDuration': '5+ year', 'id': 1, 'occasion': ['Birthday'], 'ageGroup': '20–25', 'gifts': [{'type': 'Jewellery', 'preferredStyle': ['Handmade & Crafted'], 'jewelryColor': 'Gold', 'quantity': 2, 'jewelryStyle': 'Bracelet', 'jewelryPrice': '4000–5000 PKR'}], 'relationship': 'Close Family(Parent, Sibling, Child)', 'ageType': 'Adult'}]",Basket with net,"{'personality': '5', 'experiencePreference': '2', 'handmadePreference': '5', 'budgetFlexibility': '4', 'stylePreference': '5', 'surpriseReaction': '1', 'connectionImportance': '5', 'noteImportance': '4', 'handmadeOverStore': '4', 'sharedMemoriesAppreciation': '4', 'relationshipCloseness': '1', 'uniqueGiftValue': '2', 'practicalOverSentimental': '5'}","{'helpful': 'No', 'suggestion': ''}",2025-12-24 07:48:38.228000+00:00
1,"[{'gender': 'Male', 'knownDuration': '5+ year', 'id': 1, 'occasion': ['Birthday'], 'ageGroup': '20–25', 'gifts': [{'type': 'Perfume', 'preferredStyle': ['Funny & Lighthearted'], 'perfumeScent': 'Sweet', 'perfumePrice': '5000 PKR'}, {'type': 'Clothing', 'preferredStyle': ['Quirky & Unique'], 'dressSize': 'M', 'maleDressStyle': 'Kurta', 'dressColors': ['Grey'], 'dressType': 'Stitched dress', 'dressPrice': '5000–8000 PKR'}], 'relationship': 'Close Family(Parent, Sibling, Child)', 'ageType': 'Adult'}]",Simple box,"{'personality': '4', 'experiencePreference': '3', 'handmadePreference': '1', 'budgetFlexibility': '1', 'stylePreference': '1', 'surpriseReaction': '1', 'connectionImportance': '1', 'noteImportance': '5', 'handmadeOverStore': '4', 'sharedMemoriesAppreciation': '5', 'relationshipCloseness': '5', 'uniqueGiftValue': '3', 'practicalOverSentimental': '5'}","{'helpful': 'Yes', 'suggestion': ''}",2026-01-02 15:52:48.370000+00:00
1,"[{'gender': 'Male', 'knownDuration': '5+ year', 'id': 1, 'occasion': ['Birthday'], 'ageGroup': '20–25', 'gifts': [{'type': 'Jewellery', 'preferredStyle': ['Handmade & Crafted'], 'jewelryColor': 'Gold', 'quantity': 1, 'jewelryStyle': 'Chain', 'jewelryPrice': 'More than 5000 PKR'}], 'relationship': 'Close Family(Parent, Sibling, Child)', 'ageType': 'Adult'}]",Acrylic box,"{'personality': '3', 'experiencePreference': '5', 'handmadePreference': '5', 'budgetFlexibility': '5', 'stylePreference': '5', 'surpriseReaction': '5', 'connectionImportance': '5', 'noteImportance': '5', 'handmadeOverStore': '5', 'sharedMemoriesAppreciation': '5', 'relationshipCloseness': '5', 'uniqueGiftValue': '5', 'practicalOverSentimental': '5'}","{'helpful': 'Yes', 'suggestion': ''}",2026-01-01 10:49:39.201000+00:00
1,"[{'gender': 'Male', 'knownDuration': '5+ year', 'id': 1, 'occasion': ['Birthday'], 'ageGroup': '20–25', 'gifts': [{'type': 'Perfume', 'preferredStyle': ['Handmade & Crafted'], 'perfumeScent': 'Floral', 'perfumePrice': '5000 PKR'}], 'relationship': 'Friend', 'ageType': 'Adult'}]",Basket with net,"{'personality': '3', 'experiencePreference': 3, 'handmadePreference': 3, 'budgetFlexibility': 3, 'stylePreference': 3, 'surpriseReaction': 3, 'connectionImportance': 3, 'noteImportance': 3, 'handmadeOverStore': 3, 'sharedMemoriesAppreciation': 3, 'relationshipCloseness': 3, 'uniqueGiftValue': 3, 'practicalOverSentimental': 3}","{'helpful': 'No', 'suggestion': ''}",2026-03-13 22:27:34.070000+00:00
1,"[{'gender': 'Male', 'knownDuration': '3–5 year', 'id': 1, 'occasion': ['Get well soon'], 'ageGroup': '25–35', 'gifts': [{'type': 'Perfume', 'preferredStyle': ['Handmade & Crafted', 'Funny & Lighthearted'], 'perfumeScent': 'Sweet', 'perfumePrice': '10,000–12,000 PKR'}], 'relationship': 'Colleague/Professional', 'ageType': 'Adult'}]",Simple box,"{'personality': 3, 'experiencePreference': 3, 'handmadePreference': 3, 'budgetFlexibility': 3, 'stylePreference': 3, 'surpriseReaction': 3, 'connectionImportance': 3, 'noteImportance': 3, 'handmadeOverStore': 3, 'sharedMemoriesAppreciation': 3, 'relationshipCloseness': 3, 'uniqueGiftValue': 3, 'practicalOverSentimental': 3}","{'helpful': 'Yes', 'suggestion': ''}",2026-04-04 20:48:06.478000+00:00
1,"[{'gender': 'Female', 'knownDuration': 'Less than a year', 'id': 1, 'occasion': ['Birthday'], 'ageGroup': '20–25', 'gifts': [{'type': 'Clothing', 'preferredStyle': ['Handmade & Crafted'], 'femaleDressStyle': 'Frock', 'dressSize': 'XS', 'dressColors': ['Blue'], 'dressType': 'Stitched dress', 'dressPrice': '5000 PKR'}], 'relationship': 'Close Family(Parent, Sibling, Child)', 'ageType': 'Adult'}]",Basket with ribbon,"{'personality': '3', 'experiencePreference': 3, 'handmadePreference': 3, 'budgetFlexibility': 3, 'stylePreference': 3, 'surpriseReaction': 3, 'connectionImportance': 3, 'noteImportance': 3, 'handmadeOverStore': 3, 'sharedMemoriesAppreciation': 3, 'relationshipCloseness': 3, 'uniqueGiftValue': 3, 'practicalOverSentimental': 3}","{'helpful': 'Yes', 'suggestion': 'Nothing '}",2026-01-04 08:38:42.380000+00:00
1,"[{'gender': 'Female', 'knownDuration': '5+ year', 'id': 1, 'occasion': ['Birthday'], 'ageGroup': '16–20', 'gifts': [{'type': 'Jewellery', 'preferredStyle': ['Handmade & Crafted'], 'jewelryColor': 'Silver', 'quantity': 3, 'jewelryStyle': 'Bracelet', 'jewelryPrice': '2000–3000 PKR'}], 'relationship': 'Close Family(Parent, Sibling, Child)', 'ageType': 'Adult'}]",Basket with ribbon,"{'personality': 3, 'experiencePreference': 3, 'handmadePreference': 3, 'budgetFlexibility': 3, 'stylePreference': 3, 'surpriseReaction': 3, 'connectionImportance': 3, 'noteImportance': 3, 'handmadeOverStore': 3, 'sharedMemoriesAppreciation': 3, 'relationshipCloseness': 3, 'uniqueGiftValue': 3, 'practicalOverSentimental': 3}","{'helpful': 'Maybe', 'suggestion': ''}",2026-03-13 23:32:08.879000+00:00
1,"[{'gender': 'Male', 'knownDuration': '1–3 year', 'id': 1, 'occasion': ['Anniversary'], 'ageGroup': '20–25', 'gifts': [{'type': 'Edible Stuff', 'preferredStyle': ['Handmade & Crafted'], 'edibleQuantity': 1, 'flavours': {'Cupcakes': 'Strawberry'}, 'foodItems': ['Cupcakes'], 'ediblePrice': '1000 PKR'}], 'relationship': 'Close Family(Parent, Sibling, Child)', 'ageType': 'Adult'}]",Basket with ribbon,"{'personality': 3, 'experiencePreference': 3, 'handmadePreference': 3, 'budgetFlexibility': 3, 'stylePreference': 3, 'surpriseReaction': 3, 'connectionImportance': 3, 'noteImportance': 3, 'handmadeOverStore': 3, 'sharedMemoriesAppreciation': 3, 'relationshipCloseness': 3, 'uniqueGiftValue': 3, 'practicalOverSentimental': 3}","{'helpful': 'No', 'suggestion': 'Everything is fine'}",2026-01-08 16:09:08.593000+00:00
1,"[{'gender': 'Male', 'knownDuration': 'Less than a year', 'id': 1, 'occasion': ['Wedding/Engagement gift'], 'ageGroup': '25–35', 'gifts': [{'type': 'Edible Stuff', 'preferredStyle': ['Funny & Lighthearted', 'Quirky & Unique'], 'edibleQuantity': 1, 'flavours': {'Snacks': 'Sour Cream & Onion'}, 'foodItems': ['Snacks'], 'ediblePrice': '6000–7000 PKR'}], 'relationship': 'Colleague/Professional', 'ageType': 'Adult'}]",Basket with ribbon,"{'personality': 3, 'experiencePreference': 3, 'handmadePreference': 3, 'budgetFlexibility': 3, 'stylePreference': 3, 'surpriseReaction': '5', 'connectionImportance': 3, 'noteImportance': 3, 'handmadeOverStore': '5', 'sharedMemoriesAppreciation': 3, 'relationshipCloseness': 3, 'uniqueGiftValue': 3, 'practicalOverSentimental': '5'}","{'helpful': 'Yes', 'suggestion': ''}",2026-04-05 14:01:22.463000+00:00
1,"[{'gender': 'Female', 'knownDuration': '1–3 year', 'id': 1, 'occasion': ['Get well soon'], 'ageGroup': '20–25', 'gifts': [{'type': 'Jewellery', 'preferredStyle': ['Handmade & Crafted'], 'jewelryColor': 'Gold', 'quantity': 2, 'jewelryStyle': 'Necklace', 'dressType': 'Stitched dress', 'jewelryPrice': '4000–5000 PKR'}, {'type': 'Clothing', 'preferredStyle': ['Quirky & Unique', 'Funny & Lighthearted'], 'femaleDressStyle': 'Shalwar', 'dressSize': 'S', 'dressColors': ['Maroon'], 'dressType': 'Stitched dress', 'dressPrice': '5000–8000 PKR'}], 'relationship': 'Spouse', 'ageType': 'Adult'}]",Acrylic box,"{'personality': '2', 'experiencePreference': '2', 'handmadePreference': '5', 'budgetFlexibility': '4', 'stylePreference': 3, 'surpriseReaction': '5', 'connectionImportance': '5', 'noteImportance': '5', 'handmadeOverStore': '4', 'sharedMemoriesAppreciation': '4', 'relationshipCloseness': '4', 'uniqueGiftValue': '3', 'practicalOverSentimental': '4'}","{'helpful': 'Yes', 'suggestion': 'Being able to select multiple radio '}",2025-12-24 15:37:34.473000+00:00
1,"[{'gender': 'Female', 'knownDuration': 'Less than a year', 'id': 1, 'occasion': ['Get well soon'], 'ageGroup': '16–20', 'gifts': [{'type': 'Makeup Products', 'preferredStyle': ['Handmade & Crafted'], 'makeupPrice': '4000–5000 PKR', 'makeupItem': 'Different brushes palette'}], 'relationship': 'Other', 'ageType': 'Adult'}]",Simple box,"{'personality': 3, 'experiencePreference': 3, 'handmadePreference': 3, 'budgetFlexibility': 3, 'stylePreference': 3, 'surpriseReaction': 3, 'connectionImportance': 3, 'noteImportance': 3, 'handmadeOverStore': 3, 'sharedMemoriesAppreciation': 3, 'relationshipCloseness': 3, 'uniqueGiftValue': 3, 'practicalOverSentimental': 3}","{'helpful': 'Yes', 'suggestion': ''}",2026-03-14 10:34:12.577000+00:00
6,"[{'gender': 'Male', 'knownDuration': '5+ year', 'id': 1, 'occasion': ['Wedding/Engagement gift'], 'ageGroup': 'More than 35 years', 'gifts': [{'type': 'Perfume', 'preferredStyle': ['Handmade & Crafted'], 'perfumeScent': 'Floral', 'perfumePrice': '12,000–15,000 PKR'}], 'relationship': 'Extended Family (Aunt, Uncle, Cousin)', 'ageType': 'Adult'}, {'gender': 'Male', 'knownDuration': '1–3 year', 'id': 2, 'occasion': ['Graduation'], 'ageGroup': '16–20', 'gifts': [{'type': 'Edible Stuff', 'preferredStyle': ['Funny & Lighthearted'], 'edibleQuantity': 1, 'flavours': {'Chocolates': 'Hazelnut'}, 'foodItems': ['Chocolates'], 'ediblePrice': '4000–5000 PKR'}], 'relationship': 'Close Family(Parent, Sibling, Child)', 'ageType': 'Adult'}, {'gender': 'Male', 'knownDuration': '3–5 year', 'id': 3, 'occasion': ['Holiday'], 'ageGroup': '20–25', 'gifts': [{'type': 'Wallet', 'preferredStyle': ['Quirky & Unique'], 'walletColor': 'Black', 'walletPrice': '5000–6000 PKR', 'walletStyle': 'Bifold wallets'}], 'relationship': 'Spouse', 'ageType': 'Adult'}, {'gender': 'Female', 'knownDuration': '3–5 year', 'id': 4, 'occasion': ['Get well soon'], 'ageGroup': '20–25', 'gifts': [{'type': 'Makeup Products', 'preferredStyle': ['Handmade & Crafted'], 'makeupPrice': '10,000–15,000 PKR', 'makeupItem': 'Face Mask (skincare)'}], 'relationship': 'Friend', 'ageType': 'Adult'}, {'gender': 'Male', 'knownDuration': '3–5 year', 'id': 5, 'occasion': ['Thank you gift'], 'ageGroup': '20–25', 'gifts': [{'type': 'Shoes', 'preferredStyle': ['Handmade & Crafted'], 'shoePrice': '20,000–25,000 PKR', 'shoeStyle': 'Formal shoes', 'shoeColor': 'Black', 'shoeSize': '42'}], 'relationship': 'Spouse', 'ageType': 'Adult'}, {'gender': 'Female', 'knownDuration': '5+ year', 'id': 6, 'occasion': ['Anniversary'], 'ageGroup': '20–25', 'gifts': [{'type': 'Clothing', 'preferredStyle': ['Quirky & Unique'], 'femaleDressStyle': 'Shirt', 'dressSize': 'M', 'dressColors': ['Maroon'], 'dressType': 'Stitched dress', 'dressPrice': '10,000–15,000 PKR'}], 'relationship': 'Spouse', 'ageType': 'Adult'}]",Acrylic box,"{'personality': 3, 'experiencePreference': 3, 'handmadePreference': 3, 'budgetFlexibility': 3, 'stylePreference': 3, 'surpriseReaction': 3, 'connectionImportance': 3, 'noteImportance': 3, 'handmadeOverStore': 3, 'sharedMemoriesAppreciation': 3, 'relationshipCloseness': 3, 'uniqueGiftValue': 3, 'practicalOverSentimental': 3}","{'helpful': 'Maybe', 'suggestion': 'No suggestion'}",2026-04-08 05:22:33.803000+00:00
1,"[{'gender': 'Female', 'knownDuration': '', 'id': 1, 'kidToyTypes': ['Other'], 'kidDislikes': ['Stuffed Animals'], 'occasion': ['Birthday'], 'ageGroup': '1–3', 'gifts': [{'type': 'Toys', 'kidBudget': '3500 PKR'}], 'relationship': 'Close Family(Parent, Sibling, Child)', 'ageType': 'Kid'}]",Basket with net,"{'personality': 3, 'experiencePreference': 3, 'handmadePreference': 3, 'budgetFlexibility': 3, 'stylePreference': 3, 'surpriseReaction': 3, 'connectionImportance': 3, 'noteImportance': 3, 'handmadeOverStore': 3, 'sharedMemoriesAppreciation': 3, 'relationshipCloseness': '4', 'uniqueGiftValue': 3, 'practicalOverSentimental': 3}","{'helpful': 'Maybe', 'suggestion': 'Nothing much'}",2026-04-08 05:18:48.394000+00:00
1,"[{'gender': 'Male', 'knownDuration': '3–5 year', 'id': 1, 'occasion': ['Thank you gift'], 'ageGroup': '20–25', 'gifts': [{'type': 'Perfume', 'preferredStyle': ['Handmade & Crafted'], 'perfumeScent': 'Spicy', 'perfumePrice': '7000–10,000 PKR'}], 'relationship': 'Friend', 'ageType': 'Adult'}]",Basket with ribbon,"{'personality': 3, 'experiencePreference': 3, 'handmadePreference': 3, 'budgetFlexibility': 3, 'stylePreference': 3, 'surpriseReaction': 3, 'connectionImportance': 3, 'noteImportance': 3, 'handmadeOverStore': 3, 'sharedMemoriesAppreciation': 3, 'relationshipCloseness': 3, 'uniqueGiftValue': 3, 'practicalOverSentimental': 3}","{'helpful': 'Maybe', 'suggestion': ''}",2026-01-08 14:05:54.499000+00:00
1,"[{'gender': 'Female', 'knownDuration': '1–3 year', 'id': 1, 'occasion': ['Thank you gift'], 'ageGroup': '20–25', 'gifts': [{'type': 'Jewellery', 'preferredStyle': ['Handmade & Crafted'], 'jewelryColor': 'Silver', 'quantity': 1, 'jewelryStyle': 'Rings', 'jewelryPrice': '3000–4000 PKR'}], 'relationship': 'Close Family(Parent, Sibling, Child)', 'ageType': 'Adult'}]",Basket with ribbon,"{'personality': 3, 'experiencePreference': 3, 'handmadePreference': 3, 'budgetFlexibility': 3, 'stylePreference': 3, 'surpriseReaction': 3, 'connectionImportance': 3, 'noteImportance': 3, 'handmadeOverStore': 3, 'sharedMemoriesAppreciation': 3, 'relationshipCloseness': 3, 'uniqueGiftValue': 3, 'practicalOverSentimental': 3}","{'helpful': 'Yes', 'suggestion': ''}",2026-03-13 21:42:42.803000+00:00
4,"[{'gender': 'Male', 'knownDuration': 'Less than a year', 'id': 1, 'occasion': ['Anniversary', 'Birthday', 'Holiday', 'Get well soon'], 'ageGroup': '20–25', 'gifts': [{'type': 'Shoes', 'preferredStyle': ['Handmade & Crafted'], 'shoePrice': '5000–10,000 PKR', 'shoeStyle': 'Sandals', 'shoeColor': 'Light brown', 'shoeSize': '43'}], 'relationship': 'Colleague/Professional', 'ageType': 'Adult'}, {'gender': 'Male', 'knownDuration': '', 'id': 2, 'kidToyTypes': ['Outdoor/ Sports'], 'kidDislikes': ['Noisy Toys'], 'occasion': ['Birthday'], 'ageGroup': '6–9', 'gifts': [{'type': 'Edible Stuff', 'edibleQuantity': 1, 'flavours': {'Brownie': 'Walnut'}, 'foodItems': ['Brownie'], 'ediblePrice': '4000–5000 PKR'}], 'relationship': 'Other', 'ageType': 'Kid'}, {'gender': 'Male', 'knownDuration': '3–5 year', 'id': 3, 'occasion': ['Anniversary'], 'ageGroup': '20–25', 'gifts': [{'type': 'Jewellery', 'preferredStyle': ['Handmade & Crafted'], 'jewelryColor': 'Silver', 'quantity': 1, 'jewelryStyle': 'Chain', 'jewelryPrice': '4000–5000 PKR'}], 'relationship': 'Close Family(Parent, Sibling, Child)', 'ageType': 'Adult'}, {'gender': 'Male', 'knownDuration': 'Less than a year', 'id': 4, 'occasion': ['Wedding/Engagement gift'], 'ageGroup': '20–25', 'gifts': [{'type': 'Perfume', 'preferredStyle': ['Quirky & Unique'], 'perfumeScent': 'Spicy', 'perfumePrice': '12,000–15,000 PKR'}], 'relationship': 'Colleague/Professional', 'ageType': 'Adult'}]",Basket with ribbon,"{'personality': 3, 'experiencePreference': 3, 'handmadePreference': 3, 'budgetFlexibility': 3, 'stylePreference': 3, 'surpriseReaction': 3, 'connectionImportance': 3, 'noteImportance': 3, 'handmadeOverStore': 3, 'sharedMemoriesAppreciation': 3, 'relationshipCloseness': 3, 'uniqueGiftValue': 3, 'practicalOverSentimental': 3}","{'helpful': 'Yes', 'suggestion': 'My jan is talha jan💋'}",2026-03-13 22:15:11.121000+00:00
1,"[{'gender': 'Male', 'knownDuration': '3–5 year', 'id': 1, 'occasion': ['Birthday', 'Graduation'], 'ageGroup': '20–25', 'gifts': [{'type': 'Shoes', 'preferredStyle': ['Handmade & Crafted'], 'shoePrice': '5000–10,000 PKR', 'shoeStyle': 'Formal shoes', 'shoeColor': 'Brown', 'shoeSize': '41'}], 'relationship': 'Close Family(Parent, Sibling, Child)', 'ageType': 'Adult'}]",Basket with ribbon,"{'personality': '3', 'experiencePreference': 3, 'handmadePreference': 3, 'budgetFlexibility': 3, 'stylePreference': 3, 'surpriseReaction': 3, 'connectionImportance': '1', 'noteImportance': 3, 'handmadeOverStore': 3, 'sharedMemoriesAppreciation': 3, 'relationshipCloseness': 3, 'uniqueGiftValue': 3, 'practicalOverSentimental': 3}","{'helpful': 'Maybe', 'suggestion': ''}",2026-03-14 00:03:41.805000+00:00
1,"[{'gender': 'Female', 'knownDuration': '3–5 year', 'id': 1, 'occasion': ['Other'], 'ageGroup': '20–25', 'gifts': [{'type': 'Jewellery', 'preferredStyle': ['Quirky & Unique'], 'jewelryColor': 'Gold', 'quantity': 3, 'jewelryStyle': 'Chokr', 'jewelryPrice': '2000–3000 PKR'}, {'type': 'Perfume', 'preferredStyle': ['Funny & Lighthearted'], 'perfumeScent': 'Floral', 'perfumePrice': '5000 PKR'}, {'type': 'Edible Stuff', 'preferredStyle': ['Quirky & Unique'], 'edibleQuantity': 4, 'flavours': {'Snacks': 'Cheese', 'Chocolates': 'Milk Chocolate', 'Jellies': 'Strawberry', 'Marshmellows': 'Caramel-filled'}, 'foodItems': ['Chocolates', 'Jellies', 'Marshmellows', 'Snacks'], 'ediblePrice': '3000–4000 PKR'}, {'type': 'Makeup Products', 'preferredStyle': ['Quirky & Unique'], 'makeupPrice': '10,000–15,000 PKR', 'makeupItem': 'Face Mask (skincare)'}], 'relationship': 'Colleague/Professional', 'ageType': 'Adult'}]",Basket with net,"{'personality': '2', 'experiencePreference': '5', 'handmadePreference': '5', 'budgetFlexibility': '5', 'stylePreference': '5', 'surpriseReaction': '1', 'connectionImportance': '3', 'noteImportance': '5', 'handmadeOverStore': '1', 'sharedMemoriesAppreciation': '5', 'relationshipCloseness': '1', 'uniqueGiftValue': '2', 'practicalOverSentimental': '1'}","{'helpful': 'Maybe', 'suggestion': ''}",2025-12-24 13:02:33.305000+00:00
1,"[{'gender': 'Male', 'knownDuration': '', 'id': 1, 'kidToyTypes': ['Tech/ Games'], 'kidDislikes': ['Noisy Toys'], 'occasion': ['Thank you gift'], 'ageGroup': '1–3', 'gifts': [{'type': 'Perfume', 'perfumeScent': 'Floral', 'perfumeBudget': '2500–3000 PKR'}, {'type': 'Accessories', 'quantity': 4, 'jewelryStyle': 'Bow style hairband', 'jewelryColors': 'White', 'jewelryPrice': '3000–4000 PKR'}, {'type': 'Toys', 'kidBudget': '5500 – 7500 PKR'}, {'type': 'Edible Stuff', 'edibleQuantity': 2, 'flavours': {'Snacks': 'Spicy Chili'}, 'foodItems': ['Snacks', 'Cola cans'], 'ediblePrice': '3000–4000 PKR'}], 'relationship': 'Extended Family (Aunt, Uncle, Cousin)', 'ageType': 'Kid'}]",Acrylic box,"{'personality': '5', 'experiencePreference': '4', 'handmadePreference': '1', 'budgetFlexibility': '1', 'stylePreference': '5', 'surpriseReaction': '5', 'connectionImportance': '5', 'noteImportance': '5', 'handmadeOverStore': '5', 'sharedMemoriesAppreciation': '5', 'relationshipCloseness': '2', 'uniqueGiftValue': '5', 'practicalOverSentimental': '2'}","{'helpful': 'Maybe', 'suggestion': ''}",2025-12-23 22:43:27.897000+00:00
1,"[{'gender': 'Female', 'knownDuration': '1–3 year', 'id': 1, 'occasion': ['Wedding/Engagement gift'], 'ageGroup': '20–25', 'gifts': [{'type': 'Makeup Products', 'preferredStyle': ['Handmade & Crafted'], 'makeupPrice': '10,000–15,000 PKR', 'makeupItem': 'Face Mask (skincare)'}], 'relationship': 'Friend', 'ageType': 'Adult'}]",Acrylic box,"{'personality': 3, 'experiencePreference': 3, 'handmadePreference': 3, 'budgetFlexibility': 3, 'stylePreference': 3, 'surpriseReaction': 3, 'connectionImportance': 3, 'noteImportance': 3, 'handmadeOverStore': 3, 'sharedMemoriesAppreciation': 3, 'relationshipCloseness': 3, 'uniqueGiftValue': 3, 'practicalOverSentimental': 3}","{'helpful': 'Yes', 'suggestion': ''}",2026-03-14 10:33:33.890000+00:00
1,"[{'gender': 'Male', 'knownDuration': '5+ year', 'id': 1, 'occasion': ['Get well soon'], 'ageGroup': 'More than 35 years', 'gifts': [{'type': 'Wallet', 'preferredStyle': ['Quirky & Unique'], 'walletColor': 'Camel brown', 'walletPrice': '3000–5000 PKR', 'walletStyle': 'Bifold wallets'}], 'relationship': 'Close Family(Parent, Sibling, Child)', 'ageType': 'Adult'}]",Simple box,"{'personality': '5', 'experiencePreference': '5', 'handmadePreference': '5', 'budgetFlexibility': 3, 'stylePreference': 3, 'surpriseReaction': 3, 'connectionImportance': '5', 'noteImportance': 3, 'handmadeOverStore': 3, 'sharedMemoriesAppreciation': 3, 'relationshipCloseness': 3, 'uniqueGiftValue': 3, 'practicalOverSentimental': 3}","{'helpful': 'Maybe', 'suggestion': ''}",2025-12-24 13:28:22.686000+00:00
1,"[{'gender': 'Female', 'knownDuration': '5+ year', 'id': 1, 'occasion': ['Birthday'], 'ageGroup': '20–25', 'gifts': [{'type': 'Jewellery', 'preferredStyle': ['Handmade & Crafted'], 'jewelryColor': 'Gold', 'quantity': 1, 'jewelryStyle': 'Rings', 'jewelryPrice': '4000–5000 PKR'}], 'relationship': 'Spouse', 'ageType': 'Adult'}]",Basket with net,"{'personality': '5', 'experiencePreference': 3, 'handmadePreference': 3, 'budgetFlexibility': '5', 'stylePreference': 3, 'surpriseReaction': '5', 'connectionImportance': '5', 'noteImportance': '5', 'handmadeOverStore': '3', 'sharedMemoriesAppreciation': '5', 'relationshipCloseness': '5', 'uniqueGiftValue': '5', 'practicalOverSentimental': 3}","{'helpful': 'Yes', 'suggestion': 'Some of the options were missing like you did not add occasional gift option like eid etc. And it is a little bit lengthy like the third page specially'}",2026-03-13 23:19:12.959000+00:00
3,"[{'gender': 'Female', 'knownDuration': '', 'id': 1, 'kidToyTypes': ['Arts & Crafts'], 'kidDislikes': ['Labubu Dolls'], 'occasion': ['Birthday'], 'ageGroup': '9–12', 'gifts': [{'type': 'Perfume', 'perfumeScent': 'Fruity', 'perfumeBudget': '1000–1500 PKR'}, {'type': 'Toys', 'kidBudget': '3500 PKR'}], 'relationship': 'Friend', 'ageType': 'Kid'}, {'gender': 'Male', 'knownDuration': '1–3 year', 'id': 2, 'occasion': ['Birthday'], 'ageGroup': '20–25', 'gifts': [{'type': 'Shoes', 'preferredStyle': ['Handmade & Crafted'], 'shoePrice': '20,000–25,000 PKR', 'shoeStyle': 'Peshawari style', 'shoeColor': 'Light brown', 'shoeSize': '41'}], 'relationship': 'Friend', 'ageType': 'Adult'}, {'gender': 'Male', 'knownDuration': 'Less than a year', 'id': 3, 'occasion': ['Birthday'], 'ageGroup': '20–25', 'gifts': [{'type': 'Shoes', 'preferredStyle': ['Handmade & Crafted'], 'shoePrice': '5000 PKR', 'shoeStyle': 'Peshawari style', 'shoeColor': 'Light brown', 'shoeSize': '41'}], 'relationship': 'Friend', 'ageType': 'Adult'}]",Simple box,"{'personality': 3, 'experiencePreference': 3, 'handmadePreference': 3, 'budgetFlexibility': 3, 'stylePreference': 3, 'surpriseReaction': 3, 'connectionImportance': 3, 'noteImportance': 3, 'handmadeOverStore': 3, 'sharedMemoriesAppreciation': 3, 'relationshipCloseness': 3, 'uniqueGiftValue': 3, 'practicalOverSentimental': 3}","{'helpful': 'Yes', 'suggestion': 'V good to chosen your favourite gift'}",2026-03-14 00:12:03.438000+00:00
1,"[{'gender': 'Female', 'knownDuration': '', 'id': 1, 'kidToyTypes': ['Dolls', 'Outdoor/ Sports'], 'kidDislikes': ['Noisy Toys'], 'occasion': ['Birthday'], 'ageGroup': '16–20', 'gifts': [{'type': 'Toys', 'kidBudget': '3500 PKR'}], 'relationship': 'Close Family(Parent, Sibling, Child)', 'ageType': 'Kid'}]",Simple box,"{'personality': '5', 'experiencePreference': '1', 'handmadePreference': '4', 'budgetFlexibility': 3, 'stylePreference': 3, 'surpriseReaction': '3', 'connectionImportance': '5', 'noteImportance': '5', 'handmadeOverStore': 3, 'sharedMemoriesAppreciation': 3, 'relationshipCloseness': '3', 'uniqueGiftValue': '3', 'practicalOverSentimental': 3}","{'helpful': 'Yes', 'suggestion': ''}",2026-03-14 00:07:52.657000+00:00
1,"[{'gender': 'Female', 'knownDuration': '5+ year', 'id': 1, 'occasion': ['Birthday'], 'ageGroup': '20–25', 'gifts': [{'type': 'Jewellery', 'preferredStyle': ['Quirky & Unique'], 'jewelryColor': 'Silver', 'quantity': 1, 'jewelryStyle': 'Chokr', 'jewelryPrice': '4000–5000 PKR'}], 'relationship': 'Spouse', 'ageType': 'Adult'}]",Acrylic box,"{'personality': '5', 'experiencePreference': '2', 'handmadePreference': '2', 'budgetFlexibility': '4', 'stylePreference': '4', 'surpriseReaction': '2', 'connectionImportance': '2', 'noteImportance': '4', 'handmadeOverStore': '1', 'sharedMemoriesAppreciation': '2', 'relationshipCloseness': '5', 'uniqueGiftValue': '4', 'practicalOverSentimental': '2'}","{'helpful': 'Maybe', 'suggestion': '. '}",2026-01-01 10:44:09.930000+00:00
1,"[{'gender': 'Male', 'knownDuration': '5+ year', 'id': 1, 'occasion': ['Birthday'], 'ageGroup': '16–20', 'gifts': [{'type': 'Clothing', 'preferredStyle': ['Funny & Lighthearted'], 'dressSize': 'S', 'maleDressStyle': 'Kurta', 'dressColors': ['Red'], 'dressType': 'Stitched dress', 'dressPrice': '5000 PKR'}], 'relationship': 'Other', 'ageType': 'Adult'}]",Basket with ribbon,"{'personality': '5', 'experiencePreference': '5', 'handmadePreference': '5', 'budgetFlexibility': '5', 'stylePreference': '5', 'surpriseReaction': '5', 'connectionImportance': '5', 'noteImportance': '5', 'handmadeOverStore': '5', 'sharedMemoriesAppreciation': '5', 'relationshipCloseness': '5', 'uniqueGiftValue': '5', 'practicalOverSentimental': '5'}","{'helpful': 'Maybe', 'suggestion': ''}",2026-04-08 05:22:36.912000+00:00
1,"[{'gender': 'Female', 'knownDuration': 'Less than a year', 'id': 1, 'occasion': ['Wedding/Engagement gift'], 'ageGroup': '20–25', 'gifts': [{'type': 'Jewellery', 'preferredStyle': ['Quirky & Unique'], 'jewelryColor': 'Gold', 'quantity': 1, 'jewelryStyle': 'Bracelet', 'jewelryPrice': 'More than 5000 PKR'}], 'relationship': 'Spouse', 'ageType': 'Adult'}]",Simple box,"{'personality': '2', 'experiencePreference': 3, 'handmadePreference': 3, 'budgetFlexibility': 3, 'stylePreference': 3, 'surpriseReaction': 3, 'connectionImportance': '5', 'noteImportance': '5', 'handmadeOverStore': '5', 'sharedMemoriesAppreciation': 3, 'relationshipCloseness': 3, 'uniqueGiftValue': 3, 'practicalOverSentimental': 3}","{'helpful': 'Yes', 'suggestion': ''}",2026-04-05 14:12:13.716000+00:00
2,"[{'gender': 'Male', 'knownDuration': '3–5 year', 'id': 1, 'occasion': ['Birthday'], 'ageGroup': '20–25', 'gifts': [{'type': 'Wallet', 'preferredStyle': ['Quirky & Unique'], 'walletColor': 'Brown', 'walletEngraving': 'Maan', 'walletPrice': '6000–8000 PKR', 'walletStyle': 'Bifold wallets'}], 'relationship': 'Other', 'ageType': 'Adult'}, {'gender': 'Male', 'knownDuration': '5+ year', 'id': 2, 'occasion': ['Other'], 'ageGroup': '20–25', 'gifts': [{'type': 'Perfume', 'preferredStyle': ['Quirky & Unique'], 'perfumeScent': 'Floral', 'perfumePrice': '7000–10,000 PKR'}], 'relationship': 'Other', 'ageType': 'Adult'}]",Acrylic box,"{'personality': '4', 'experiencePreference': 3, 'handmadePreference': '4', 'budgetFlexibility': '4', 'stylePreference': 3, 'surpriseReaction': '5', 'connectionImportance': '5', 'noteImportance': '5', 'handmadeOverStore': '4', 'sharedMemoriesAppreciation': '4', 'relationshipCloseness': '5', 'uniqueGiftValue': '5', 'practicalOverSentimental': '2'}","{'helpful': 'Maybe', 'suggestion': ''}",2026-01-04 09:19:17.491000+00:00
1,"[{'gender': 'Male', 'knownDuration': '3–5 year', 'id': 1, 'occasion': ['Birthday', 'Wedding/Engagement gift'], 'ageGroup': '16–20', 'gifts': [{'type': 'Perfume', 'perfumeScent': 'Floral', 'perfumePrice': '7000–10,000 PKR'}], 'relationship': 'Close Family(Parent, Sibling, Child)', 'ageType': 'Adult'}]",Basket with ribbon,"{'personality': 3, 'experiencePreference': 3, 'handmadePreference': 3, 'budgetFlexibility': '2', 'stylePreference': 3, 'surpriseReaction': 3, 'connectionImportance': 3, 'noteImportance': '1', 'handmadeOverStore': 3, 'sharedMemoriesAppreciation': '4', 'relationshipCloseness': 3, 'uniqueGiftValue': '2', 'practicalOverSentimental': 3}","{'helpful': '', 'suggestion': ''}",2025-12-20 15:46:00.909000+00:00
1,"[{'gender': 'Male', 'knownDuration': '5+ year', 'id': 1, 'occasion': ['Birthday'], 'ageGroup': '25–35', 'gifts': [{'type': 'Perfume', 'preferredStyle': ['Quirky & Unique'], 'perfumeScent': 'Floral', 'perfumePrice': '5000–7000 PKR'}], 'relationship': 'Friend', 'ageType': 'Adult'}]",Basket with ribbon,"{'personality': '5', 'experiencePreference': '5', 'handmadePreference': '5', 'budgetFlexibility': '5', 'stylePreference': '3', 'surpriseReaction': '5', 'connectionImportance': '5', 'noteImportance': '5', 'handmadeOverStore': '5', 'sharedMemoriesAppreciation': '5', 'relationshipCloseness': '5', 'uniqueGiftValue': '5', 'practicalOverSentimental': '5'}","{'helpful': 'Yes', 'suggestion': 'Nothing to do anything else. '}",2026-03-14 09:14:27.116000+00:00
1,"[{'gender': 'Female', 'knownDuration': '', 'id': 1, 'kidToyTypes': ['Arts & Crafts', 'Tech/ Games', 'Outdoor/ Sports', 'Other'], 'kidDislikes': ['Electronic Gadgets', 'Other'], 'occasion': ['Birthday'], 'ageGroup': '12–15', 'gifts': [{'type': 'Accessories', 'quantity': 1, 'jewelryStyle': 'Rings', 'jewelryColors': 'Red', 'jewelryPrice': '1000–2000 PKR'}, {'type': 'Edible Stuff', 'edibleQuantity': 1, 'flavours': {'Chocolates': 'Milk Chocolate'}, 'foodItems': ['Chocolates'], 'ediblePrice': '1000–2000 PKR'}], 'relationship': 'Close Family(Parent, Sibling, Child)', 'ageType': 'Kid'}]",Simple box,"{'personality': '3', 'experiencePreference': '2', 'handmadePreference': '2', 'budgetFlexibility': '2', 'stylePreference': '3', 'surpriseReaction': '4', 'connectionImportance': '4', 'noteImportance': '3', 'handmadeOverStore': '4', 'sharedMemoriesAppreciation': '4', 'relationshipCloseness': '5', 'uniqueGiftValue': '3', 'practicalOverSentimental': '2'}","{'helpful': 'Maybe', 'suggestion': 'The options at end are not suitable for all age groups. '}",2026-01-04 17:22:45.357000+00:00
1,"[{'gender': 'Female', 'knownDuration': '1–3 year', 'id': 1, 'occasion': ['Birthday'], 'ageGroup': '25–35', 'gifts': [{'type': 'Perfume', 'preferredStyle': ['Quirky & Unique'], 'perfumeScent': 'Spicy', 'perfumePrice': '5000–7000 PKR'}], 'relationship': 'Close Family(Parent, Sibling, Child)', 'ageType': 'Adult'}]",Simple box,"{'personality': 3, 'experiencePreference': 3, 'handmadePreference': 3, 'budgetFlexibility': 3, 'stylePreference': 3, 'surpriseReaction': 3, 'connectionImportance': 3, 'noteImportance': 3, 'handmadeOverStore': 3, 'sharedMemoriesAppreciation': 3, 'relationshipCloseness': 3, 'uniqueGiftValue': 3, 'practicalOverSentimental': 3}","{'helpful': '', 'suggestion': ''}",2026-02-07 12:47:49.459000+00:00
1,"[{'gender': 'Female', 'knownDuration': '', 'id': 1, 'kidToyTypes': ['Dolls'], 'kidDislikes': ['Other'], 'occasion': ['Birthday'], 'ageGroup': 'Less than a year', 'gifts': [{'type': 'Accessories', 'quantity': 1, 'jewelryStyle': 'Bracelets', 'jewelryColors': 'Purple', 'jewelryPrice': '3000–4000 PKR'}], 'relationship': 'Friend', 'ageType': 'Kid'}]",Simple box,"{'personality': 3, 'experiencePreference': 3, 'handmadePreference': 3, 'budgetFlexibility': 3, 'stylePreference': 3, 'surpriseReaction': 3, 'connectionImportance': 3, 'noteImportance': 3, 'handmadeOverStore': 3, 'sharedMemoriesAppreciation': 3, 'relationshipCloseness': 3, 'uniqueGiftValue': 3, 'practicalOverSentimental': 3}","{'helpful': 'Yes', 'suggestion': ''}",2026-04-05 22:29:42.613000+00:00
1,"[{'gender': 'Female', 'knownDuration': '3–5 year', 'id': 1, 'occasion': ['Birthday'], 'ageGroup': '16–20', 'gifts': [{'type': 'Jewellery', 'preferredStyle': ['Handmade & Crafted', 'Quirky & Unique', 'Funny & Lighthearted'], 'jewelryColor': 'Silver', 'quantity': 1, 'jewelryStyle': 'Earrings', 'jewelryPrice': 'More than 5000 PKR'}], 'relationship': 'Close Family(Parent, Sibling, Child)', 'ageType': 'Adult'}]",Basket with ribbon,"{'personality': '5', 'experiencePreference': '2', 'handmadePreference': '5', 'budgetFlexibility': 3, 'stylePreference': '2', 'surpriseReaction': '4', 'connectionImportance': '4', 'noteImportance': '5', 'handmadeOverStore': '5', 'sharedMemoriesAppreciation': '5', 'relationshipCloseness': '5', 'uniqueGiftValue': '5', 'practicalOverSentimental': '2'}","{'helpful': 'No', 'suggestion': ''}",2026-04-08 07:38:50.158000+00:00
5,"[{'gender': 'Female', 'knownDuration': '5+ year', 'id': 1, 'occasion': ['Birthday'], 'ageGroup': '16–20', 'gifts': [{'type': 'Bag/Wallet', 'preferredStyle': ['Handmade & Crafted'], 'walletColor': 'Black', 'walletEngraving': 'Aliza', 'walletPrice': '5000–10,000 PKR', 'walletStyle': 'Tote bags'}], 'relationship': 'Close Family(Parent, Sibling, Child)', 'ageType': 'Adult'}, {'gender': 'Female', 'knownDuration': '5+ year', 'id': 2, 'occasion': ['Anniversary'], 'ageGroup': '20–25', 'gifts': [{'type': 'Perfume', 'preferredStyle': ['Quirky & Unique'], 'perfumeScent': 'Floral', 'perfumePrice': '7000–10,000 PKR'}], 'relationship': 'Friend', 'ageType': 'Adult'}, {'gender': 'Female', 'knownDuration': '5+ year', 'id': 3, 'occasion': ['Wedding/Engagement gift'], 'ageGroup': '25–35', 'gifts': [{'type': 'Clothing', 'preferredStyle': ['Handmade & Crafted'], 'femaleDressStyle': 'Shirt', 'dressSize': 'L', 'dressColors': ['Black'], 'dressType': 'Stitched dress', 'dressPrice': '8000–10,000 PKR'}], 'relationship': 'Close Family(Parent, Sibling, Child)', 'ageType': 'Adult'}, {'gender': 'Female', 'knownDuration': '5+ year', 'id': 4, 'occasion': ['Anniversary'], 'ageGroup': 'More than 35 years', 'gifts': [{'type': 'Clothing', 'preferredStyle': ['Handmade & Crafted'], 'femaleDressStyle': 'Shirt', 'dressSize': 'M', 'dressColors': ['Maroon'], 'dressType': 'Stitched dress', 'dressPrice': '10,000–15,000 PKR'}], 'relationship': 'Close Family(Parent, Sibling, Child)', 'ageType': 'Adult'}, {'gender': 'Male', 'knownDuration': '1–3 year', 'id': 5, 'occasion': ['Birthday'], 'ageGroup': '20–25', 'gifts': [{'type': 'Perfume', 'preferredStyle': ['Quirky & Unique'], 'perfumeScent': 'Floral', 'perfumePrice': '7000–10,000 PKR'}], 'relationship': 'Friend', 'ageType': 'Adult'}]",Basket with net,"{'personality': 3, 'experiencePreference': 3, 'handmadePreference': '5', 'budgetFlexibility': 3, 'stylePreference': 3, 'surpriseReaction': 3, 'connectionImportance': '5', 'noteImportance': 3, 'handmadeOverStore': 3, 'sharedMemoriesAppreciation': 3, 'relationshipCloseness': '5', 'uniqueGiftValue': 3, 'practicalOverSentimental': 3}","{'helpful': 'Yes', 'suggestion': ''}",2025-12-26 11:39:11.393000+00:00
1,"[{'gender': 'Male', 'knownDuration': '5+ year', 'id': 1, 'occasion': ['Birthday'], 'ageGroup': '20–25', 'gifts': [{'type': 'Perfume', 'preferredStyle': ['Quirky & Unique'], 'perfumeScent': 'Floral', 'perfumePrice': '5000–7000 PKR'}], 'relationship': 'Colleague/Professional', 'ageType': 'Adult'}]",Basket with ribbon,"{'personality': 3, 'experiencePreference': 3, 'handmadePreference': 3, 'budgetFlexibility': 3, 'stylePreference': 3, 'surpriseReaction': 3, 'connectionImportance': 3, 'noteImportance': 3, 'handmadeOverStore': 3, 'sharedMemoriesAppreciation': 3, 'relationshipCloseness': 3, 'uniqueGiftValue': 3, 'practicalOverSentimental': 3}","{'helpful': 'Yes', 'suggestion': ''}",2026-01-02 15:05:30.573000+00:00
1,"[{'gender': 'Male', 'knownDuration': 'Less than a year', 'id': 1, 'occasion': ['Other'], 'ageGroup': '25–35', 'gifts': [{'type': 'Perfume', 'preferredStyle': ['Funny & Lighthearted'], 'perfumeScent': 'Spicy', 'perfumePrice': '7000–10,000 PKR'}], 'relationship': 'Colleague/Professional', 'ageType': 'Adult'}]",Simple box,"{'personality': 3, 'experiencePreference': 3, 'handmadePreference': 3, 'budgetFlexibility': 3, 'stylePreference': 3, 'surpriseReaction': 3, 'connectionImportance': 3, 'noteImportance': 3, 'handmadeOverStore': 3, 'sharedMemoriesAppreciation': 3, 'relationshipCloseness': 3, 'uniqueGiftValue': 3, 'practicalOverSentimental': 3}","{'helpful': 'Yes', 'suggestion': ''}",2026-04-05 22:32:28.637000+00:00
1,"[{'gender': 'Male', 'knownDuration': '5+ year', 'id': 1, 'occasion': ['Birthday'], 'ageGroup': '20–25', 'gifts': [{'type': 'Perfume', 'preferredStyle': ['Handmade & Crafted'], 'perfumeScent': 'Spicy', 'perfumePrice': '5000–7000 PKR'}], 'relationship': 'Close Family(Parent, Sibling, Child)', 'ageType': 'Adult'}]",Basket with ribbon,"{'personality': '4', 'experiencePreference': '4', 'handmadePreference': '4', 'budgetFlexibility': '4', 'stylePreference': '4', 'surpriseReaction': '4', 'connectionImportance': '4', 'noteImportance': '4', 'handmadeOverStore': '4', 'sharedMemoriesAppreciation': '4', 'relationshipCloseness': '4', 'uniqueGiftValue': '4', 'practicalOverSentimental': '4'}","{'helpful': 'Yes', 'suggestion': 'Nothing '}",2026-01-01 16:56:36.157000+00:00
1,"[{'gender': 'Female', 'knownDuration': '3–5 year', 'id': 1, 'occasion': ['Thank you gift'], 'ageGroup': '20–25', 'gifts': [{'type': 'Clothing', 'preferredStyle': ['Quirky & Unique'], 'dressPieces': 'Two-piece', 'dressColors': ['Black'], 'dressType': 'Unstitched dress', 'dressPrice': '8000–10,000 PKR'}], 'relationship': 'Other', 'ageType': 'Adult'}]",Simple box,"{'personality': 3, 'experiencePreference': 3, 'handmadePreference': 3, 'budgetFlexibility': 3, 'stylePreference': 3, 'surpriseReaction': 3, 'connectionImportance': 3, 'noteImportance': 3, 'handmadeOverStore': 3, 'sharedMemoriesAppreciation': 3, 'relationshipCloseness': 3, 'uniqueGiftValue': 3, 'practicalOverSentimental': 3}","{'helpful': 'Yes', 'suggestion': ''}",2026-03-17 12:32:58.825000+00:00
1,"[{'gender': 'Male', 'knownDuration': '3–5 year', 'id': 1, 'occasion': ['Get well soon'], 'ageGroup': '25–35', 'gifts': [{'type': 'Perfume', 'preferredStyle': ['Funny & Lighthearted'], 'perfumeScent': 'Floral', 'perfumePrice': '12,000–15,000 PKR'}], 'relationship': 'Colleague/Professional', 'ageType': 'Adult'}]",Simple box,"{'personality': 3, 'experiencePreference': '5', 'handmadePreference': 3, 'budgetFlexibility': 3, 'stylePreference': 3, 'surpriseReaction': 3, 'connectionImportance': 3, 'noteImportance': '5', 'handmadeOverStore': 3, 'sharedMemoriesAppreciation': 3, 'relationshipCloseness': 3, 'uniqueGiftValue': 3, 'practicalOverSentimental': 3}","{'helpful': 'Yes', 'suggestion': ''}",2026-04-05 14:10:41.810000+00:00
1,"[{'gender': 'Female', 'knownDuration': '', 'id': 1, 'kidToyTypes': ['Dolls'], 'kidDislikes': ['Other', 'Animated Cartoons'], 'occasion': ['Birthday'], 'ageGroup': '1–3', 'gifts': [{'type': 'Toys', 'kidBudget': '3500 – 5500 PKR'}], 'relationship': 'Other', 'ageType': 'Kid'}]",Basket with net,"{'personality': 3, 'experiencePreference': 3, 'handmadePreference': 3, 'budgetFlexibility': 3, 'stylePreference': 3, 'surpriseReaction': 3, 'connectionImportance': 3, 'noteImportance': 3, 'handmadeOverStore': 3, 'sharedMemoriesAppreciation': 3, 'relationshipCloseness': 3, 'uniqueGiftValue': 3, 'practicalOverSentimental': 3}","{'helpful': 'Yes', 'suggestion': ''}",2026-03-14 13:14:46.658000+00:00
1,"[{'gender': 'Male', 'knownDuration': '5+ year', 'id': 1, 'occasion': ['Birthday'], 'ageGroup': '20–25', 'gifts': [{'type': 'Edible Stuff', 'preferredStyle': ['Funny & Lighthearted'], 'edibleQuantity': 2, 'flavours': {'Cake': 'Black Forest', 'Cupcakes': 'Strawberry'}, 'foodItems': ['Cupcakes', 'Cake'], 'ediblePrice': '1000–2000 PKR'}], 'relationship': 'Friend', 'ageType': 'Adult'}]",Simple box,"{'personality': 3, 'experiencePreference': 3, 'handmadePreference': 3, 'budgetFlexibility': 3, 'stylePreference': 3, 'surpriseReaction': 3, 'connectionImportance': 3, 'noteImportance': 3, 'handmadeOverStore': 3, 'sharedMemoriesAppreciation': 3, 'relationshipCloseness': 3, 'uniqueGiftValue': 3, 'practicalOverSentimental': 3}","{'helpful': 'Maybe', 'suggestion': 'Idk'}",2026-03-14 12:20:56.261000+00:00
7,"[{'gender': 'Male', 'knownDuration': '1–3 year', 'id': 1, 'occasion': ['Graduation', 'Birthday', 'Anniversary', 'Holiday', 'Thank you gift'], 'ageGroup': '20–25', 'gifts': [{'type': 'Perfume', 'preferredStyle': ['Quirky & Unique', 'Handmade & Crafted'], 'perfumeScent': 'Floral', 'perfumePrice': '5000–7000 PKR'}], 'relationship': 'Extended Family (Aunt, Uncle, Cousin)', 'ageType': 'Adult'}, {'gender': 'Male', 'knownDuration': '5+ year', 'id': 2, 'occasion': ['Birthday'], 'ageGroup': '16–20', 'gifts': [{'type': 'Edible Stuff', 'preferredStyle': ['Funny & Lighthearted'], 'edibleQuantity': 1, 'flavours': {'Chocolates': 'Dark Chocolate'}, 'foodItems': ['Chocolates'], 'ediblePrice': '1000 PKR'}], 'relationship': 'Close Family(Parent, Sibling, Child)', 'ageType': 'Adult'}, {'gender': 'Female', 'knownDuration': 'Less than a year', 'id': 3, 'occasion': ['Anniversary'], 'ageGroup': '25–35', 'gifts': [{'type': 'Bag/Wallet', 'preferredStyle': ['Handmade & Crafted'], 'walletColor': 'Red', 'walletPrice': '5000–10,000 PKR', 'walletStyle': 'Tote bags'}], 'relationship': 'Extended Family (Aunt, Uncle, Cousin)', 'ageType': 'Adult'}, {'gender': 'Male', 'knownDuration': 'Less than a year', 'id': 4, 'occasion': ['Wedding/Engagement gift'], 'ageGroup': 'More than 35 years', 'gifts': [{'type': 'Clothing', 'preferredStyle': ['Handmade & Crafted', 'Quirky & Unique'], 'dressSize': 'XL', 'maleDressStyle': 'Shalwar kameez', 'dressColors': ['Black'], 'dressType': 'Stitched dress', 'dressPrice': '8000–10,000 PKR'}], 'relationship': 'Friend', 'ageType': 'Adult'}, {'gender': 'Male', 'knownDuration': '1–3 year', 'id': 5, 'occasion': ['Get well soon'], 'ageGroup': '25–35', 'gifts': [{'type': 'Wallet', 'preferredStyle': ['Quirky & Unique'], 'walletColor': 'Black', 'walletPrice': '5000–6000 PKR', 'walletStyle': 'Card wallets'}], 'relationship': 'Close Family(Parent, Sibling, Child)', 'ageType': 'Adult'}, {'gender': 'Male', 'knownDuration': 'Less than a year', 'id': 6, 'occasion': ['Thank you gift'], 'ageGroup': '25–35', 'gifts': [{'type': 'Perfume', 'preferredStyle': ['Funny & Lighthearted'], 'perfumeScent': 'Spicy', 'perfumePrice': '5000–7000 PKR'}], 'relationship': 'Friend', 'ageType': 'Adult'}, {'gender': 'Male', 'knownDuration': 'Less than a year', 'id': 7, 'occasion': ['Other'], 'ageGroup': '20–25', 'gifts': [{'type': 'Edible Stuff', 'preferredStyle': ['Quirky & Unique', 'Funny & Lighthearted'], 'edibleQuantity': 1, 'flavours': {'Chocolates': 'Milk Chocolate'}, 'foodItems': ['Chocolates'], 'ediblePrice': '3000–4000 PKR'}], 'relationship': 'Colleague/Professional', 'ageType': 'Adult'}]",Basket with ribbon,"{'personality': '4', 'experiencePreference': '5', 'handmadePreference': '4', 'budgetFlexibility': '5', 'stylePreference': '4', 'surpriseReaction': '4', 'connectionImportance': '5', 'noteImportance': '5', 'handmadeOverStore': '5', 'sharedMemoriesAppreciation': '5', 'relationshipCloseness': '5', 'uniqueGiftValue': '5', 'practicalOverSentimental': '4'}","{'helpful': 'Yes', 'suggestion': ''}",2026-03-14 00:38:57.560000+00:00
1,"[{'gender': 'Male', 'knownDuration': '5+ year', 'id': 1, 'occasion': ['Holiday'], 'ageGroup': '20–25', 'gifts': [{'type': 'Jewellery', 'preferredStyle': ['Handmade & Crafted'], 'jewelryColor': 'Silver', 'quantity': 1, 'jewelryStyle': 'Bracelet', 'jewelryPrice': '1000–2000 PKR'}], 'relationship': 'Extended Family (Aunt, Uncle, Cousin)', 'ageType': 'Adult'}]",Simple box,"{'personality': '4', 'experiencePreference': 3, 'handmadePreference': 3, 'budgetFlexibility': '4', 'stylePreference': '4', 'surpriseReaction': '1', 'connectionImportance': '5', 'noteImportance': '5', 'handmadeOverStore': '5', 'sharedMemoriesAppreciation': '4', 'relationshipCloseness': '5', 'uniqueGiftValue': '5', 'practicalOverSentimental': '5'}","{'helpful': 'Maybe', 'suggestion': 'Everything was quite well sequenced and I guess enough to understand the nature of other person. But in terms of finding a personalized gifts, I guess the most earlier question about what I want to gift in which I selected a bracelet, made my mind to go with what I have selected now.. in later questions options were there whether friend likes outing, or concerts rather than a materialistic gift. I believe it would be better and easier to select a gift if there were options, after the questionnaire, that matches and aligns well with all my answers. It would be great if after analysing my answers AI could give me suggestion of 2 to 3 things best to gift 😅. Good luck'}",2026-01-04 17:08:59.992000+00:00
1,"[{'gender': 'Female', 'knownDuration': '1–3 year', 'id': 1, 'occasion': ['Birthday'], 'ageGroup': '16–20', 'gifts': [{'type': 'Clothing', 'preferredStyle': ['Quirky & Unique'], 'dressPieces': 'Three-piece', 'dressColors': ['Purple'], 'dressType': 'Unstitched dress', 'dressPrice': '5000–8000 PKR'}], 'relationship': 'Friend', 'ageType': 'Adult'}]",Acrylic box,"{'personality': '5', 'experiencePreference': '5', 'handmadePreference': '5', 'budgetFlexibility': '5', 'stylePreference': '5', 'surpriseReaction': '5', 'connectionImportance': '5', 'noteImportance': '5', 'handmadeOverStore': '5', 'sharedMemoriesAppreciation': '5', 'relationshipCloseness': '1', 'uniqueGiftValue': '5', 'practicalOverSentimental': '5'}","{'helpful': 'Maybe', 'suggestion': 'Reciepent ka nhi pta mujhr'}",2026-04-08 07:40:24.360000+00:00
1,"[{'gender': 'Female', 'knownDuration': '1–3 year', 'id': 1, 'occasion': ['Wedding/Engagement gift'], 'ageGroup': '20–25', 'gifts': [{'type': 'Jewellery', 'preferredStyle': ['Quirky & Unique', 'Funny & Lighthearted'], 'jewelryColor': 'Gold', 'quantity': 1, 'jewelryStyle': 'Rings', 'jewelryPrice': '4000–5000 PKR'}], 'relationship': 'Colleague/Professional', 'ageType': 'Adult'}]",Basket with ribbon,"{'personality': 3, 'experiencePreference': 3, 'handmadePreference': 3, 'budgetFlexibility': '5', 'stylePreference': 3, 'surpriseReaction': 3, 'connectionImportance': 3, 'noteImportance': 3, 'handmadeOverStore': '5', 'sharedMemoriesAppreciation': 3, 'relationshipCloseness': 3, 'uniqueGiftValue': 3, 'practicalOverSentimental': 3}","{'helpful': 'Yes', 'suggestion': ''}",2026-04-05 22:33:54.513000+00:00
1,"[{'gender': 'Female', 'knownDuration': '1–3 year', 'id': 1, 'occasion': ['Wedding/Engagement gift'], 'ageGroup': '16–20', 'gifts': [{'type': 'Jewellery', 'preferredStyle': ['Handmade & Crafted'], 'jewelryColor': 'Silver', 'quantity': 1, 'jewelryStyle': 'Jhumkis', 'jewelryPrice': '3000–4000 PKR'}], 'relationship': 'Other', 'ageType': 'Adult'}]",Acrylic box,"{'personality': 3, 'experiencePreference': '5', 'handmadePreference': 3, 'budgetFlexibility': 3, 'stylePreference': 3, 'surpriseReaction': 3, 'connectionImportance': 3, 'noteImportance': 3, 'handmadeOverStore': '5', 'sharedMemoriesAppreciation': '5', 'relationshipCloseness': 3, 'uniqueGiftValue': 3, 'practicalOverSentimental': 3}","{'helpful': 'Yes', 'suggestion': ''}",2026-03-17 12:33:40.720000+00:00
1,"[{'gender': 'Female', 'knownDuration': '1–3 year', 'id': 1, 'occasion': ['Graduation'], 'ageGroup': '25–35', 'gifts': [{'type': 'Makeup Products', 'preferredStyle': ['Quirky & Unique'], 'makeupPrice': '7000–8000 PKR', 'makeupItem': 'Eye liner'}], 'relationship': 'Friend', 'ageType': 'Adult'}]",Simple box,"{'personality': 3, 'experiencePreference': 3, 'handmadePreference': 3, 'budgetFlexibility': 3, 'stylePreference': 3, 'surpriseReaction': 3, 'connectionImportance': 3, 'noteImportance': 3, 'handmadeOverStore': 3, 'sharedMemoriesAppreciation': 3, 'relationshipCloseness': 3, 'uniqueGiftValue': 3, 'practicalOverSentimental': 3}","{'helpful': 'Yes', 'suggestion': ''}",2026-04-05 14:15:52.369000+00:00
4,"[{'gender': 'Male', 'knownDuration': 'Less than a year', 'id': 1, 'occasion': ['Wedding/Engagement gift'], 'ageGroup': '20–25', 'gifts': [{'type': 'Perfume', 'preferredStyle': ['Handmade & Crafted', 'Quirky & Unique'], 'perfumeScent': 'Spicy', 'dressType': 'Stitched dress', 'perfumePrice': '7000–10,000 PKR'}], 'relationship': 'Spouse', 'ageType': 'Adult'}, {'gender': 'Male', 'knownDuration': '', 'id': 2, 'kidToyTypes': ['Dolls', 'Building Toys (e.g. LEGO)', 'Tech/ Games'], 'kidDislikes': ['Messy Crafts', 'Stuffed Animals', 'Electronic Gadgets', 'Labubu Dolls'], 'occasion': ['Holiday', 'Other'], 'ageGroup': '3–6', 'gifts': [{'type': 'Edible Stuff', 'edibleQuantity': 1, 'flavours': {'Brownie': 'Red Velvet Brownie'}, 'foodItems': ['Brownie'], 'ediblePrice': '3000–4000 PKR'}], 'relationship': 'Friend', 'ageType': 'Kid'}, {'gender': 'Male', 'knownDuration': 'Less than a year', 'id': 3, 'occasion': ['Holiday', 'Wedding/Engagement gift'], 'ageGroup': '25–35', 'gifts': [{'type': 'Edible Stuff', 'preferredStyle': ['Funny & Lighthearted'], 'edibleQuantity': 1, 'flavours': {'Brownie': 'Red Velvet Brownie'}, 'foodItems': ['Brownie'], 'ediblePrice': '5000–6000 PKR'}], 'relationship': 'Close Family(Parent, Sibling, Child)', 'ageType': 'Adult'}, {'gender': 'Male', 'knownDuration': '', 'id': 4, 'kidToyTypes': ['Dolls', 'Building Toys (e.g. LEGO)'], 'kidDislikes': ['Messy Crafts'], 'occasion': ['Holiday', 'Graduation'], 'ageGroup': '3–6', 'gifts': [{'type': 'Toys', 'kidBudget': '3500 – 5500 PKR'}], 'relationship': 'Extended Family (Aunt, Uncle, Cousin)', 'ageType': 'Kid'}]",Basket with ribbon,"{'personality': 3, 'experiencePreference': 3, 'handmadePreference': 3, 'budgetFlexibility': 3, 'stylePreference': 3, 'surpriseReaction': 3, 'connectionImportance': 3, 'noteImportance': 3, 'handmadeOverStore': 3, 'sharedMemoriesAppreciation': 3, 'relationshipCloseness': 3, 'uniqueGiftValue': 3, 'practicalOverSentimental': 3}","{'helpful': 'Yes', 'suggestion': ''}",2026-03-13 22:07:08.927000+00:00
5,"[{'gender': 'Female', 'knownDuration': '5+ year', 'id': 1, 'occasion': ['Graduation'], 'ageGroup': '20–25', 'gifts': [{'type': 'Perfume', 'preferredStyle': ['Handmade & Crafted'], 'perfumeScent': 'Spicy', 'perfumePrice': '12,000–15,000 PKR'}], 'relationship': 'Close Family(Parent, Sibling, Child)', 'ageType': 'Adult'}, {'gender': 'Female', 'knownDuration': '5+ year', 'id': 2, 'occasion': ['Birthday'], 'ageGroup': '25–35', 'gifts': [{'type': 'Perfume', 'preferredStyle': ['Handmade & Crafted'], 'perfumeScent': 'Spicy', 'perfumePrice': '12,000–15,000 PKR'}, {'type': 'Perfume', 'preferredStyle': ['Handmade & Crafted'], 'perfumeScent': 'Spicy', 'perfumePrice': '12,000–15,000 PKR'}], 'relationship': 'Close Family(Parent, Sibling, Child)', 'ageType': 'Adult'}, {'gender': 'Male', 'knownDuration': '5+ year', 'id': 3, 'occasion': ['Holiday'], 'ageGroup': '25–35', 'gifts': [{'type': 'Perfume', 'preferredStyle': ['Handmade & Crafted'], 'perfumeScent': 'Spicy', 'perfumePrice': '12,000–15,000 PKR'}], 'relationship': 'Spouse', 'ageType': 'Adult'}, {'gender': 'Female', 'knownDuration': '5+ year', 'id': 4, 'occasion': ['Get well soon'], 'ageGroup': '25–35', 'gifts': [{'type': 'Perfume', 'preferredStyle': ['Handmade & Crafted'], 'perfumeScent': 'Spicy', 'perfumePrice': '12,000–15,000 PKR'}, {'type': 'Perfume', 'preferredStyle': ['Handmade & Crafted'], 'perfumeScent': 'Spicy', 'perfumePrice': '12,000–15,000 PKR'}, {'type': 'Jewellery', 'preferredStyle': ['Quirky & Unique'], 'jewelryColor': 'Gold', 'quantity': 5, 'jewelryStyle': 'Rings', 'jewelryPrice': 'More than 5000 PKR'}, {'type': 'Jewellery', 'preferredStyle': ['Quirky & Unique'], 'jewelryColor': 'Silver', 'quantity': 5, 'jewelryStyle': 'Rings', 'jewelryPrice': 'More than 5000 PKR'}], 'relationship': 'Friend', 'ageType': 'Adult'}, {'gender': 'Male', 'knownDuration': '5+ year', 'id': 5, 'occasion': ['Thank you gift'], 'ageGroup': '25–35', 'gifts': [{'type': 'Jewellery', 'preferredStyle': ['Quirky & Unique'], 'jewelryColor': 'Gold', 'quantity': 5, 'jewelryStyle': 'Rings', 'jewelryPrice': 'More than 5000 PKR'}, {'type': 'Jewellery', 'preferredStyle': ['Quirky & Unique'], 'jewelryColor': 'Gold', 'quantity': 1, 'jewelryStyle': 'Rings', 'jewelryPrice': 'More than 5000 PKR'}], 'relationship': 'Spouse', 'ageType': 'Adult'}]",Basket with net,"{'personality': '5', 'experiencePreference': '5', 'handmadePreference': '5', 'budgetFlexibility': '5', 'stylePreference': '5', 'surpriseReaction': '3', 'connectionImportance': '5', 'noteImportance': '5', 'handmadeOverStore': '5', 'sharedMemoriesAppreciation': '5', 'relationshipCloseness': '3', 'uniqueGiftValue': '5', 'practicalOverSentimental': '5'}","{'helpful': 'Yes', 'suggestion': 'I think adding a small section for a personal message or special memory would make it even more meaningful as a personalized gift.'}",2026-01-01 18:29:24.556000+00:00
2,"[{'gender': 'Male', 'knownDuration': '3–5 year', 'id': 1, 'occasion': ['Graduation'], 'ageGroup': '20–25', 'gifts': [{'type': 'Perfume', 'preferredStyle': ['Quirky & Unique'], 'perfumeScent': 'Floral', 'perfumePrice': '7000–10,000 PKR'}], 'relationship': 'Friend', 'ageType': 'Adult'}, {'gender': 'Female', 'knownDuration': '5+ year', 'id': 2, 'occasion': ['Wedding/Engagement gift'], 'ageGroup': '20–25', 'gifts': [{'type': 'Bag/Wallet', 'preferredStyle': ['Handmade & Crafted', 'Quirky & Unique'], 'walletColor': 'Black', 'walletPrice': '10,000–15,000 PKR', 'walletStyle': 'Handbags'}], 'relationship': 'Extended Family (Aunt, Uncle, Cousin)', 'ageType': 'Adult'}]",Basket with ribbon,"{'personality': '4', 'experiencePreference': 3, 'handmadePreference': '4', 'budgetFlexibility': '5', 'stylePreference': '5', 'surpriseReaction': '4', 'connectionImportance': '2', 'noteImportance': '4', 'handmadeOverStore': '4', 'sharedMemoriesAppreciation': '2', 'relationshipCloseness': '5', 'uniqueGiftValue': '4', 'practicalOverSentimental': '4'}","{'helpful': 'Yes', 'suggestion': ''}",2026-03-13 23:43:48.845000+00:00
1,"[{'gender': 'Male', 'knownDuration': '5+ year', 'id': 1, 'occasion': ['Birthday'], 'ageGroup': '16–20', 'gifts': [{'type': 'Clothing', 'preferredStyle': ['Quirky & Unique'], 'dressSize': 'S', 'maleDressStyle': 'Kurta', 'dressColors': ['Grey', 'Maroon'], 'dressType': 'Stitched dress', 'dressPrice': '10,000–15,000 PKR'}], 'relationship': 'Friend', 'ageType': 'Adult'}]",Acrylic box,"{'personality': 3, 'experiencePreference': 3, 'handmadePreference': 3, 'budgetFlexibility': 3, 'stylePreference': 3, 'surpriseReaction': 3, 'connectionImportance': 3, 'noteImportance': 3, 'handmadeOverStore': 3, 'sharedMemoriesAppreciation': 3, 'relationshipCloseness': 3, 'uniqueGiftValue': 3, 'practicalOverSentimental': '3'}","{'helpful': 'Yes', 'suggestion': 'Great'}",2026-04-08 07:39:42.390000+00:00
1,"[{'gender': 'Male', 'knownDuration': '3–5 year', 'id': 1, 'occasion': ['Holiday'], 'ageGroup': '25–35', 'gifts': [{'type': 'Perfume', 'preferredStyle': ['Quirky & Unique'], 'perfumeScent': 'Sweet', 'perfumePrice': '12,000–15,000 PKR'}], 'relationship': 'Other', 'ageType': 'Adult'}]",Simple box,"{'personality': 3, 'experiencePreference': 3, 'handmadePreference': '4', 'budgetFlexibility': 3, 'stylePreference': 3, 'surpriseReaction': 3, 'connectionImportance': 3, 'noteImportance': 3, 'handmadeOverStore': '4', 'sharedMemoriesAppreciation': 3, 'relationshipCloseness': 3, 'uniqueGiftValue': 3, 'practicalOverSentimental': 3}","{'helpful': 'Maybe', 'suggestion': 'Oh yeah'}",2025-12-23 21:14:13.495000+00:00
1,"[{'gender': 'Male', 'knownDuration': '3–5 year', 'id': 1, 'occasion': ['Thank you gift'], 'ageGroup': 'More than 35 years', 'gifts': [{'type': 'Clothing', 'preferredStyle': ['Quirky & Unique'], 'dressSize': 'L', 'maleDressStyle': 'Shalwar kameez', 'dressColors': ['Grey'], 'dressType': 'Stitched dress', 'dressPrice': '10,000–15,000 PKR'}], 'relationship': 'Friend', 'ageType': 'Adult'}]",Simple box,"{'personality': 3, 'experiencePreference': 3, 'handmadePreference': 3, 'budgetFlexibility': 3, 'stylePreference': 3, 'surpriseReaction': 3, 'connectionImportance': '5', 'noteImportance': '5', 'handmadeOverStore': '5', 'sharedMemoriesAppreciation': 3, 'relationshipCloseness': 3, 'uniqueGiftValue': 3, 'practicalOverSentimental': 3}","{'helpful': 'Yes', 'suggestion': ''}",2026-04-05 14:09:09.699000+00:00
1,"[{'gender': 'Female', 'knownDuration': 'Less than a year', 'id': 1, 'occasion': ['Wedding/Engagement gift'], 'ageGroup': '25–35', 'gifts': [{'type': 'Shoes', 'preferredStyle': ['Handmade & Crafted'], 'shoePrice': '5000–10,000 PKR', 'shoeStyle': 'Heels', 'shoeColor': 'Black', 'shoeSize': '37'}], 'relationship': 'Spouse', 'ageType': 'Adult'}]",Simple box,"{'personality': 3, 'experiencePreference': 3, 'handmadePreference': 3, 'budgetFlexibility': 3, 'stylePreference': 3, 'surpriseReaction': 3, 'connectionImportance': 3, 'noteImportance': 3, 'handmadeOverStore': 3, 'sharedMemoriesAppreciation': 3, 'relationshipCloseness': 3, 'uniqueGiftValue': 3, 'practicalOverSentimental': 3}","{'helpful': 'Yes', 'suggestion': ''}",2026-03-13 22:14:24.291000+00:00
1,"[{'gender': 'Male', 'knownDuration': '1–3 year', 'id': 1, 'occasion': ['Graduation'], 'ageGroup': '20–25', 'gifts': [{'type': 'Edible Stuff', 'preferredStyle': ['Funny & Lighthearted'], 'edibleQuantity': 1, 'flavours': {'Chocolates': 'Milk Chocolate'}, 'foodItems': ['Chocolates'], 'ediblePrice': '6000–7000 PKR'}], 'relationship': 'Friend', 'ageType': 'Adult'}]",Acrylic box,"{'personality': 3, 'experiencePreference': 3, 'handmadePreference': 3, 'budgetFlexibility': '5', 'stylePreference': 3, 'surpriseReaction': 3, 'connectionImportance': '5', 'noteImportance': '5', 'handmadeOverStore': '5', 'sharedMemoriesAppreciation': 3, 'relationshipCloseness': 3, 'uniqueGiftValue': '5', 'practicalOverSentimental': 3}","{'helpful': 'Yes', 'suggestion': ''}",2026-03-14 10:31:29.990000+00:00
1,"[{'gender': 'Female', 'knownDuration': '5+ year', 'id': 1, 'occasion': ['Birthday'], 'ageGroup': '20–25', 'gifts': [{'type': 'Perfume', 'preferredStyle': ['Quirky & Unique'], 'perfumeScent': 'Floral', 'perfumePrice': '5000 PKR'}], 'relationship': 'Close Family(Parent, Sibling, Child)', 'ageType': 'Adult'}]",Basket with net,"{'personality': '4', 'experiencePreference': '2', 'handmadePreference': '2', 'budgetFlexibility': '4', 'stylePreference': '3', 'surpriseReaction': '4', 'connectionImportance': '3', 'noteImportance': '1', 'handmadeOverStore': '1', 'sharedMemoriesAppreciation': '2', 'relationshipCloseness': '5', 'uniqueGiftValue': '5', 'practicalOverSentimental': '4'}","{'helpful': 'Yes', 'suggestion': ''}",2026-03-14 11:52:38.737000+00:00
1,"[{'gender': 'Male', 'knownDuration': '5+ year', 'id': 1, 'occasion': ['Graduation'], 'ageGroup': '20–25', 'gifts': [{'type': 'Perfume', 'preferredStyle': ['Handmade & Crafted'], 'perfumeScent': 'Sweet', 'perfumePrice': '7000–10,000 PKR'}], 'relationship': 'Close Family(Parent, Sibling, Child)', 'ageType': 'Adult'}]",Basket with ribbon,"{'personality': '5', 'experiencePreference': '5', 'handmadePreference': '4', 'budgetFlexibility': '4', 'stylePreference': '4', 'surpriseReaction': '5', 'connectionImportance': '5', 'noteImportance': 3, 'handmadeOverStore': '5', 'sharedMemoriesAppreciation': '5', 'relationshipCloseness': '5', 'uniqueGiftValue': '4', 'practicalOverSentimental': '4'}","{'helpful': 'Yes', 'suggestion': 'Just make it more specific like ask them to ask them to suggest brand and article they like'}",2026-03-14 00:02:50.351000+00:00
4,"[{'gender': 'Male', 'knownDuration': 'Less than a year', 'id': 1, 'occasion': ['Birthday', 'Anniversary', 'Wedding/Engagement gift'], 'ageGroup': '25–35', 'gifts': [{'type': 'Perfume', 'preferredStyle': ['Handmade & Crafted'], 'perfumeScent': 'Floral', 'perfumePrice': '12,000–15,000 PKR'}, {'type': 'Jewellery', 'preferredStyle': ['Quirky & Unique'], 'jewelryColor': 'Gold', 'quantity': 1, 'jewelryStyle': 'Chain', 'jewelryPrice': 'More than 5000 PKR'}, {'type': 'Clothing', 'preferredStyle': ['Funny & Lighthearted'], 'dressPieces': 'Two-piece', 'dressColors': ['Red', 'Blue'], 'dressType': 'Unstitched dress', 'dressPrice': '15,000–20,000 PKR'}, {'type': 'Wallet', 'preferredStyle': ['Quirky & Unique'], 'walletColor': 'Black', 'walletPrice': '8000–10,000 PKR', 'walletStyle': 'Bifold wallets'}], 'relationship': 'Close Family(Parent, Sibling, Child)', 'ageType': 'Adult'}, {'gender': 'Male', 'knownDuration': '5+ year', 'id': 2, 'occasion': ['Birthday'], 'ageGroup': '16–20', 'gifts': [{'type': 'Jewellery', 'preferredStyle': ['Handmade & Crafted'], 'jewelryColor': 'Gold', 'quantity': 1, 'jewelryStyle': 'Bracelet', 'jewelryPrice': '3000–4000 PKR'}], 'relationship': 'Close Family(Parent, Sibling, Child)', 'ageType': 'Adult'}, {'gender': 'Female', 'knownDuration': '3–5 year', 'id': 3, 'occasion': ['Thank you gift'], 'ageGroup': '20–25', 'gifts': [{'type': 'Perfume', 'preferredStyle': ['Handmade & Crafted'], 'perfumeScent': 'Floral', 'perfumePrice': '12,000–15,000 PKR'}], 'relationship': 'Friend', 'ageType': 'Adult'}, {'gender': 'Male', 'knownDuration': '5+ year', 'id': 4, 'occasion': ['Get well soon'], 'ageGroup': 'More than 35 years', 'gifts': [{'type': 'Shoes', 'preferredStyle': ['Handmade & Crafted'], 'shoePrice': '20,000–25,000 PKR', 'shoeStyle': 'Peshawari style', 'shoeColor': 'Black', 'shoeSize': '42'}], 'relationship': 'Other', 'ageType': 'Adult'}]",Basket with ribbon,"{'personality': '1', 'experiencePreference': 3, 'handmadePreference': '5', 'budgetFlexibility': 3, 'stylePreference': '4', 'surpriseReaction': '5', 'connectionImportance': '5', 'noteImportance': 3, 'handmadeOverStore': 3, 'sharedMemoriesAppreciation': 3, 'relationshipCloseness': '5', 'uniqueGiftValue': 3, 'practicalOverSentimental': '5'}","{'helpful': 'Yes', 'suggestion': ''}",2026-03-13 23:34:11.350000+00:00
1,"[{'gender': 'Male', 'knownDuration': 'Less than a year', 'id': 1, 'occasion': ['Get well soon'], 'ageGroup': 'More than 35 years', 'gifts': [{'type': 'Edible Stuff', 'preferredStyle': ['Funny & Lighthearted'], 'edibleQuantity': 1, 'flavours': {'Snacks': 'Barbecue'}, 'foodItems': ['Snacks'], 'ediblePrice': '4000–5000 PKR'}], 'relationship': 'Colleague/Professional', 'ageType': 'Adult'}]",Acrylic box,"{'personality': 3, 'experiencePreference': 3, 'handmadePreference': 3, 'budgetFlexibility': 3, 'stylePreference': 3, 'surpriseReaction': 3, 'connectionImportance': 3, 'noteImportance': 3, 'handmadeOverStore': 3, 'sharedMemoriesAppreciation': 3, 'relationshipCloseness': 3, 'uniqueGiftValue': 3, 'practicalOverSentimental': 3}","{'helpful': 'Yes', 'suggestion': ''}",2026-04-05 22:31:57.309000+00:00
1,"[{'gender': 'Male', 'knownDuration': '5+ year', 'id': 1, 'occasion': ['Get well soon'], 'ageGroup': '20–25', 'gifts': [{'type': 'Edible Stuff', 'preferredStyle': ['Handmade & Crafted'], 'edibleQuantity': 1, 'flavours': {'Brownie': 'Classic Fudge'}, 'foodItems': ['Brownie'], 'ediblePrice': '5000–6000 PKR'}], 'relationship': 'Close Family(Parent, Sibling, Child)', 'ageType': 'Adult'}]",Basket with net,"{'personality': 3, 'experiencePreference': 3, 'handmadePreference': 3, 'budgetFlexibility': 3, 'stylePreference': 3, 'surpriseReaction': 3, 'connectionImportance': '5', 'noteImportance': 3, 'handmadeOverStore': 3, 'sharedMemoriesAppreciation': 3, 'relationshipCloseness': 3, 'uniqueGiftValue': 3, 'practicalOverSentimental': 3}","{'helpful': 'Yes', 'suggestion': ''}",2026-04-05 14:15:19.630000+00:00
1,"[{'gender': 'Female', 'knownDuration': '1–3 year', 'id': 1, 'occasion': ['Birthday'], 'ageGroup': '20–25', 'gifts': [{'type': 'Shoes', 'preferredStyle': ['Funny & Lighthearted'], 'shoePrice': '15,000–20,000 PKR', 'shoeStyle': 'Formal shoes', 'shoeColor': 'Black', 'shoeSize': '39'}], 'relationship': 'Extended Family (Aunt, Uncle, Cousin)', 'ageType': 'Adult'}]",Simple box,"{'personality': 3, 'experiencePreference': 3, 'handmadePreference': 3, 'budgetFlexibility': 3, 'stylePreference': 3, 'surpriseReaction': 3, 'connectionImportance': 3, 'noteImportance': 3, 'handmadeOverStore': '5', 'sharedMemoriesAppreciation': '5', 'relationshipCloseness': 3, 'uniqueGiftValue': 3, 'practicalOverSentimental': '5'}","{'helpful': 'Yes', 'suggestion': ''}",2026-04-05 14:06:42.774000+00:00
4,"[{'gender': 'Male', 'knownDuration': '1–3 year', 'id': 1, 'occasion': ['Graduation'], 'ageGroup': '20–25', 'gifts': [{'type': 'Perfume', 'preferredStyle': ['Quirky & Unique'], 'perfumeScent': 'Floral', 'perfumePrice': '5000 PKR'}, {'type': 'Edible Stuff', 'preferredStyle': ['Handmade & Crafted'], 'edibleQuantity': 1, 'flavours': {'Chocolates': 'Milk Chocolate'}, 'foodItems': ['Chocolates'], 'ediblePrice': '1000–2000 PKR'}, {'type': 'Shoes', 'preferredStyle': ['Quirky & Unique'], 'shoePrice': '10,000–15,000 PKR', 'shoeStyle': 'Loafers', 'shoeColor': 'Light brown', 'shoeSize': '42'}], 'relationship': 'Close Family(Parent, Sibling, Child)', 'ageType': 'Adult'}, {'gender': 'Male', 'knownDuration': '5+ year', 'id': 2, 'occasion': ['Birthday'], 'ageGroup': '25–35', 'gifts': [{'type': 'Clothing', 'preferredStyle': ['Handmade & Crafted'], 'dressSize': 'XL', 'maleDressStyle': 'Shalwar kameez', 'dressColors': ['Grey'], 'dressType': 'Stitched dress', 'dressPrice': '15,000–20,000 PKR'}], 'relationship': 'Extended Family (Aunt, Uncle, Cousin)', 'ageType': 'Adult'}, {'gender': 'Female', 'knownDuration': '5+ year', 'id': 3, 'occasion': ['Wedding/Engagement gift'], 'ageGroup': '20–25', 'gifts': [{'type': 'Bag/Wallet', 'preferredStyle': ['Quirky & Unique'], 'walletColor': 'Black', 'walletPrice': '20,000–25,000 PKR', 'walletStyle': 'Clutch'}], 'relationship': 'Extended Family (Aunt, Uncle, Cousin)', 'ageType': 'Adult'}, {'gender': 'Male', 'knownDuration': '3–5 year', 'id': 4, 'occasion': ['Other'], 'ageGroup': '25–35', 'gifts': [{'type': 'Edible Stuff', 'preferredStyle': ['Funny & Lighthearted'], 'edibleQuantity': 1, 'flavours': {'Cupcakes': 'Vanilla'}, 'foodItems': ['Cupcakes'], 'ediblePrice': '4000–5000 PKR'}, {'type': 'Jewellery', 'preferredStyle': ['Handmade & Crafted'], 'jewelryColor': 'Gold', 'quantity': 1, 'jewelryStyle': 'Bracelet', 'jewelryPrice': 'More than 5000 PKR'}], 'relationship': 'Spouse', 'ageType': 'Adult'}]",Basket with net,"{'personality': '2', 'experiencePreference': 3, 'handmadePreference': 3, 'budgetFlexibility': 3, 'stylePreference': 3, 'surpriseReaction': '4', 'connectionImportance': '5', 'noteImportance': '4', 'handmadeOverStore': '2', 'sharedMemoriesAppreciation': 3, 'relationshipCloseness': '5', 'uniqueGiftValue': 3, 'practicalOverSentimental': 3}","{'helpful': 'Maybe', 'suggestion': 'Make the colors according to the packaging of gifts'}",2025-12-23 07:10:24.184000+00:00
5,"[{'gender': 'Male', 'knownDuration': '1–3 year', 'id': 1, 'occasion': ['Birthday'], 'ageGroup': '20–25', 'gifts': [{'type': 'Clothing', 'preferredStyle': ['Handmade & Crafted', 'Funny & Lighthearted'], 'dressSize': 'M', 'maleDressStyle': 'Shalwar kameez', 'dressColors': ['Black'], 'dressType': 'Stitched dress', 'dressPrice': '5000 PKR'}, {'type': 'Edible Stuff', 'preferredStyle': ['Quirky & Unique'], 'edibleQuantity': 2, 'flavours': {'Chocolates': 'Dark Chocolate', 'Marshmellows': 'Classic Vanilla'}, 'foodItems': ['Chocolates', 'Marshmellows'], 'ediblePrice': '1000 PKR'}], 'relationship': 'Friend', 'ageType': 'Adult'}, {'gender': 'Male', 'knownDuration': 'Less than a year', 'id': 2, 'occasion': ['Birthday'], 'ageGroup': '25–35', 'gifts': [{'type': 'Wallet', 'preferredStyle': ['Quirky & Unique'], 'walletColor': 'Brown', 'walletPrice': '5000–6000 PKR', 'walletStyle': 'Card wallets'}], 'relationship': 'Close Family(Parent, Sibling, Child)', 'ageType': 'Adult'}, {'gender': 'Female', 'knownDuration': '3–5 year', 'id': 3, 'occasion': ['Holiday'], 'ageGroup': 'More than 35 years', 'gifts': [{'type': 'Perfume', 'preferredStyle': ['Funny & Lighthearted'], 'perfumeScent': 'Floral', 'perfumePrice': '5000 PKR'}], 'relationship': 'Colleague/Professional', 'ageType': 'Adult'}, {'gender': 'Male', 'knownDuration': '', 'id': 4, 'kidToyTypes': ['Building Toys (e.g. LEGO)'], 'kidDislikes': ['Animated Cartoons'], 'occasion': ['Holiday', 'Get well soon'], 'ageGroup': '6–9', 'gifts': [{'type': 'Toys', 'kidBudget': '3500 PKR'}], 'relationship': 'Close Family(Parent, Sibling, Child)', 'ageType': 'Kid'}, {'gender': 'Female', 'knownDuration': '3–5 year', 'id': 5, 'kidToyTypes': ['Dolls'], 'kidDislikes': ['Labubu Dolls'], 'occasion': ['Other'], 'ageGroup': '12–15', 'gifts': [{'type': 'Toys', 'kidBudget': '3500 PKR'}], 'relationship': 'Extended Family (Aunt, Uncle, Cousin)', 'ageType': 'Kid'}]",Basket with ribbon,"{'personality': 3, 'experiencePreference': 3, 'handmadePreference': 3, 'budgetFlexibility': 3, 'stylePreference': 3, 'surpriseReaction': 3, 'connectionImportance': 3, 'noteImportance': 3, 'handmadeOverStore': 3, 'sharedMemoriesAppreciation': 3, 'relationshipCloseness': '5', 'uniqueGiftValue': 3, 'practicalOverSentimental': 3}","{'helpful': 'Maybe', 'suggestion': ''}",2025-12-24 13:51:50.632000+00:00
1,"[{'gender': 'Male', 'knownDuration': '', 'id': 1, 'kidToyTypes': ['Other'], 'kidDislikes': ['Noisy Toys'], 'occasion': ['Get well soon'], 'ageGroup': '3–6', 'gifts': [{'type': 'Edible Stuff', 'quantity': 1, 'ediblePrice': '4000–5000 PKR', 'flavours': {'Marshmellows': 'Strawberry'}, 'edibleQuantity': 1, 'foodItems': ['Marshmellows'], 'jewelryPrice': '4000–5000 PKR'}], 'relationship': 'Other', 'ageType': 'Kid'}]",Basket with ribbon,"{'personality': 3, 'experiencePreference': 3, 'handmadePreference': 3, 'budgetFlexibility': 3, 'stylePreference': 3, 'surpriseReaction': 3, 'connectionImportance': 3, 'noteImportance': 3, 'handmadeOverStore': 3, 'sharedMemoriesAppreciation': 3, 'relationshipCloseness': 3, 'uniqueGiftValue': 3, 'practicalOverSentimental': 3}","{'helpful': 'Yes', 'suggestion': ''}",2026-03-13 22:18:10.622000+00:00
1,"[{'gender': 'Female', 'knownDuration': '5+ year', 'id': 1, 'occasion': ['Birthday'], 'ageGroup': '20–25', 'gifts': [{'type': 'Perfume', 'preferredStyle': ['Quirky & Unique'], 'perfumeScent': 'Floral', 'perfumePrice': '5000 PKR'}], 'relationship': 'Other', 'ageType': 'Adult'}]",Simple box,"{'personality': '2', 'experiencePreference': 3, 'handmadePreference': '4', 'budgetFlexibility': '3', 'stylePreference': '4', 'surpriseReaction': '4', 'connectionImportance': '5', 'noteImportance': '4', 'handmadeOverStore': 3, 'sharedMemoriesAppreciation': 3, 'relationshipCloseness': '5', 'uniqueGiftValue': '4', 'practicalOverSentimental': '4'}","{'helpful': 'Maybe', 'suggestion': ''}",2026-03-14 00:04:17.712000+00:00
1,"[{'gender': 'Male', 'knownDuration': '1–3 year', 'id': 1, 'occasion': ['Birthday'], 'ageGroup': '20–25', 'gifts': [{'type': 'Perfume', 'preferredStyle': ['Quirky & Unique', 'Handmade & Crafted'], 'perfumeScent': 'Floral', 'perfumePrice': '5000 PKR'}], 'relationship': 'Friend', 'ageType': 'Adult'}]",Simple box,"{'personality': '3', 'experiencePreference': '2', 'handmadePreference': '5', 'budgetFlexibility': 3, 'stylePreference': '1', 'surpriseReaction': '2', 'connectionImportance': '4', 'noteImportance': '4', 'handmadeOverStore': 3, 'sharedMemoriesAppreciation': 3, 'relationshipCloseness': '4', 'uniqueGiftValue': 3, 'practicalOverSentimental': 3}","{'helpful': 'Maybe', 'suggestion': ''}",2026-01-08 15:45:14.997000+00:00
5,"[{'gender': 'Female', 'knownDuration': '5+ year', 'id': 1, 'occasion': ['Birthday', 'Anniversary', 'Graduation', 'Wedding/Engagement gift', 'Thank you gift'], 'ageGroup': '25–35', 'gifts': [{'type': 'Jewellery', 'preferredStyle': ['Handmade & Crafted'], 'jewelryColor': 'Gold', 'quantity': 2, 'jewelryStyle': 'Bracelet', 'jewelryPrice': '4000–5000 PKR'}, {'type': 'Jewellery', 'preferredStyle': ['Quirky & Unique'], 'jewelryColor': 'Silver', 'quantity': 1, 'jewelryStyle': 'Rings', 'jewelryPrice': '4000–5000 PKR'}], 'relationship': 'Close Family(Parent, Sibling, Child)', 'ageType': 'Adult'}, {'gender': 'Male', 'knownDuration': '5+ year', 'id': 2, 'occasion': ['Birthday', 'Anniversary', 'Holiday', 'Wedding/Engagement gift', 'Thank you gift'], 'ageGroup': '20–25', 'gifts': [{'type': 'Perfume', 'preferredStyle': ['Quirky & Unique'], 'perfumeScent': 'Sweet', 'perfumePrice': '5000 PKR'}, {'type': 'Clothing', 'preferredStyle': ['Quirky & Unique'], 'dressSize': 'M', 'maleDressStyle': 'Kurta', 'dressColors': ['Blue'], 'dressType': 'Stitched dress', 'dressPrice': '5000 PKR'}], 'relationship': 'Close Family(Parent, Sibling, Child)', 'ageType': 'Adult'}, {'gender': 'Male', 'knownDuration': '5+ year', 'id': 3, 'occasion': ['Birthday', 'Anniversary', 'Holiday', 'Graduation', 'Wedding/Engagement gift', 'Thank you gift'], 'ageGroup': '20–25', 'gifts': [{'type': 'Shoes', 'preferredStyle': ['Handmade & Crafted'], 'shoePrice': '5000–10,000 PKR', 'shoeStyle': 'Formal shoes', 'shoeColor': 'Brown', 'shoeSize': '44'}, {'type': 'Clothing', 'preferredStyle': ['Quirky & Unique'], 'dressSize': 'XL', 'maleDressStyle': 'Kurta', 'dressColors': ['Blue'], 'dressType': 'Stitched dress', 'dressPrice': '5000 PKR'}], 'relationship': 'Close Family(Parent, Sibling, Child)', 'ageType': 'Adult'}, {'gender': 'Male', 'knownDuration': '5+ year', 'id': 4, 'occasion': ['Birthday', 'Wedding/Engagement gift', 'Thank you gift'], 'ageGroup': 'More than 35 years', 'gifts': [{'type': 'Perfume', 'preferredStyle': ['Quirky & Unique'], 'perfumeScent': 'Sweet', 'perfumePrice': '5000 PKR'}, {'type': 'Wallet', 'preferredStyle': ['Quirky & Unique'], 'walletColor': 'Camel brown', 'walletEngraving': 'Azul', 'walletPrice': '5000–6000 PKR', 'walletStyle': 'Trifold wallets'}], 'relationship': 'Spouse', 'ageType': 'Adult'}, {'gender': 'Female', 'knownDuration': '', 'id': 5, 'kidToyTypes': ['Dolls'], 'kidDislikes': ['Labubu Dolls'], 'occasion': ['Birthday', 'Holiday', 'Thank you gift'], 'ageGroup': '3–6', 'gifts': [{'type': 'Toys', 'kidBudget': '3500 PKR'}, {'type': 'Toys', 'kidBudget': '3500 PKR'}], 'relationship': 'Close Family(Parent, Sibling, Child)', 'ageType': 'Kid'}]",Basket with net,"{'personality': '4', 'experiencePreference': '2', 'handmadePreference': '4', 'budgetFlexibility': '4', 'stylePreference': '4', 'surpriseReaction': '5', 'connectionImportance': '4', 'noteImportance': '5', 'handmadeOverStore': '4', 'sharedMemoriesAppreciation': '5', 'relationshipCloseness': '5', 'uniqueGiftValue': '4', 'practicalOverSentimental': '5'}","{'helpful': 'Yes', 'suggestion': ''}",2025-12-24 16:27:15.089000+00:00
1,"[{'gender': 'Female', 'knownDuration': '3–5 year', 'id': 1, 'occasion': ['Graduation'], 'ageGroup': '25–35', 'gifts': [{'type': 'Edible Stuff', 'preferredStyle': ['Quirky & Unique'], 'edibleQuantity': 1, 'flavours': {'Brownie': 'Walnut'}, 'foodItems': ['Brownie'], 'ediblePrice': '6000–7000 PKR'}], 'relationship': 'Friend', 'ageType': 'Adult'}]",Basket with net,"{'personality': '5', 'experiencePreference': '4', 'handmadePreference': '4', 'budgetFlexibility': '5', 'stylePreference': 3, 'surpriseReaction': '4', 'connectionImportance': '5', 'noteImportance': '4', 'handmadeOverStore': '4', 'sharedMemoriesAppreciation': '4', 'relationshipCloseness': '4', 'uniqueGiftValue': '4', 'practicalOverSentimental': '4'}","{'helpful': 'Yes', 'suggestion': ''}",2026-03-14 00:36:05.068000+00:00
1,"[{'gender': 'Male', 'knownDuration': '5+ year', 'id': 1, 'occasion': ['Thank you gift'], 'ageGroup': '25–35', 'gifts': [{'type': 'Perfume', 'preferredStyle': ['Funny & Lighthearted'], 'perfumeScent': 'Sweet', 'perfumePrice': '12,000–15,000 PKR'}], 'relationship': 'Friend', 'ageType': 'Adult'}]",Acrylic box,"{'personality': 3, 'experiencePreference': 3, 'handmadePreference': 3, 'budgetFlexibility': 3, 'stylePreference': 3, 'surpriseReaction': 3, 'connectionImportance': 3, 'noteImportance': 3, 'handmadeOverStore': 3, 'sharedMemoriesAppreciation': 3, 'relationshipCloseness': 3, 'uniqueGiftValue': 3, 'practicalOverSentimental': 3}","{'helpful': 'Yes', 'suggestion': ''}",2026-04-05 14:27:46.745000+00:00
1,"[{'gender': 'Female', 'knownDuration': '1–3 year', 'id': 1, 'occasion': ['Birthday', 'Thank you gift', 'Get well soon'], 'ageGroup': '20–25', 'gifts': [{'type': 'Edible Stuff', 'preferredStyle': ['Quirky & Unique'], 'edibleQuantity': 1, 'flavours': {'Chocolates': 'Milk Chocolate'}, 'foodItems': ['Chocolates'], 'ediblePrice': '6000–7000 PKR'}], 'relationship': 'Close Family(Parent, Sibling, Child)', 'ageType': 'Adult'}]",Acrylic box,"{'personality': '5', 'experiencePreference': '5', 'handmadePreference': '5', 'budgetFlexibility': '5', 'stylePreference': '5', 'surpriseReaction': '5', 'connectionImportance': '5', 'noteImportance': '5', 'handmadeOverStore': '5', 'sharedMemoriesAppreciation': '5', 'relationshipCloseness': '5', 'uniqueGiftValue': '5', 'practicalOverSentimental': '5'}","{'helpful': 'Yes', 'suggestion': 'Make it special '}",2026-01-01 10:26:24.433000+00:00
1,"[{'gender': 'Female', 'knownDuration': 'Less than a year', 'id': 1, 'occasion': ['Birthday'], 'ageGroup': '20–25', 'gifts': [{'type': 'Clothing', 'preferredStyle': ['Quirky & Unique'], 'femaleDressStyle': 'Frock', 'dressSize': 'M', 'dressColors': ['Maroon'], 'dressType': 'Stitched dress', 'dressPrice': '5000–8000 PKR'}], 'relationship': 'Close Family(Parent, Sibling, Child)', 'ageType': 'Adult'}]",Basket with net,"{'personality': '5', 'experiencePreference': '5', 'handmadePreference': '5', 'budgetFlexibility': '5', 'stylePreference': '5', 'surpriseReaction': '5', 'connectionImportance': '5', 'noteImportance': '5', 'handmadeOverStore': '5', 'sharedMemoriesAppreciation': '5', 'relationshipCloseness': '5', 'uniqueGiftValue': '4', 'practicalOverSentimental': 3}","{'helpful': 'Yes', 'suggestion': ''}",2026-01-01 07:17:12.920000+00:00
1,"[{'gender': 'Male', 'knownDuration': '1–3 year', 'id': 1, 'occasion': ['Get well soon'], 'ageGroup': '25–35', 'gifts': [{'type': 'Perfume', 'preferredStyle': ['Handmade & Crafted', 'Quirky & Unique', 'Funny & Lighthearted'], 'perfumeScent': 'Floral', 'perfumePrice': '12,000–15,000 PKR'}], 'relationship': 'Spouse', 'ageType': 'Adult'}]",Simple box,"{'personality': 3, 'experiencePreference': 3, 'handmadePreference': 3, 'budgetFlexibility': 3, 'stylePreference': 3, 'surpriseReaction': 3, 'connectionImportance': 3, 'noteImportance': 3, 'handmadeOverStore': 3, 'sharedMemoriesAppreciation': 3, 'relationshipCloseness': 3, 'uniqueGiftValue': 3, 'practicalOverSentimental': 3}","{'helpful': 'Yes', 'suggestion': ''}",2026-04-05 14:11:22.267000+00:00
1,"[{'gender': 'Female', 'knownDuration': '', 'id': 1, 'kidToyTypes': ['Dolls'], 'kidDislikes': ['Animated Cartoons'], 'occasion': ['Birthday'], 'ageGroup': '9–12', 'gifts': [{'type': 'Edible Stuff', 'edibleQuantity': 1, 'flavours': {'Chocolates': 'White Chocolate'}, 'foodItems': ['Chocolates'], 'ediblePrice': '3000–4000 PKR'}], 'relationship': 'Friend', 'ageType': 'Kid'}]",Acrylic box,"{'personality': '5', 'experiencePreference': '4', 'handmadePreference': '5', 'budgetFlexibility': '5', 'stylePreference': '5', 'surpriseReaction': '5', 'connectionImportance': '5', 'noteImportance': '5', 'handmadeOverStore': '5', 'sharedMemoriesAppreciation': '5', 'relationshipCloseness': '5', 'uniqueGiftValue': '5', 'practicalOverSentimental': '5'}","{'helpful': 'Yes', 'suggestion': 'Meowww gop gop'}",2026-03-14 14:44:48.577000+00:00
1,"[{'gender': 'Female', 'knownDuration': '1–3 year', 'id': 1, 'occasion': ['Birthday'], 'ageGroup': '25–35', 'gifts': [{'type': 'Perfume', 'preferredStyle': ['Quirky & Unique'], 'perfumeScent': 'Floral', 'perfumePrice': '5000 PKR'}], 'relationship': 'Close Family(Parent, Sibling, Child)', 'ageType': 'Adult'}]",Simple box,"{'personality': '4', 'experiencePreference': '4', 'handmadePreference': '4', 'budgetFlexibility': '4', 'stylePreference': '2', 'surpriseReaction': '5', 'connectionImportance': '4', 'noteImportance': '4', 'handmadeOverStore': '4', 'sharedMemoriesAppreciation': '4', 'relationshipCloseness': '4', 'uniqueGiftValue': '4', 'practicalOverSentimental': '3'}","{'helpful': 'Yes', 'suggestion': ''}",2025-12-26 06:11:23.231000+00:00
1,"[{'gender': 'Male', 'knownDuration': '3–5 year', 'id': 1, 'occasion': ['Other'], 'ageGroup': '25–35', 'gifts': [{'type': 'Shoes', 'preferredStyle': ['Funny & Lighthearted'], 'shoePrice': '10,000–15,000 PKR', 'shoeStyle': 'Sandals', 'shoeColor': 'Light brown', 'shoeSize': '41'}], 'relationship': 'Other', 'ageType': 'Adult'}]",Basket with net,"{'personality': 3, 'experiencePreference': 3, 'handmadePreference': 3, 'budgetFlexibility': 3, 'stylePreference': 3, 'surpriseReaction': 3, 'connectionImportance': 3, 'noteImportance': 3, 'handmadeOverStore': 3, 'sharedMemoriesAppreciation': 3, 'relationshipCloseness': 3, 'uniqueGiftValue': 3, 'practicalOverSentimental': 3}","{'helpful': 'Yes', 'suggestion': ''}",2026-03-14 10:32:09.993000+00:00
1,"[{'gender': 'Female', 'knownDuration': '3–5 year', 'id': 1, 'occasion': ['Thank you gift'], 'ageGroup': '20–25', 'gifts': [{'type': 'Jewellery', 'preferredStyle': ['Handmade & Crafted'], 'jewelryColor': 'Silver', 'quantity': 3, 'jewelryStyle': 'Rings', 'jewelryPrice': '4000–5000 PKR'}], 'relationship': 'Extended Family (Aunt, Uncle, Cousin)', 'ageType': 'Adult'}]",Simple box,"{'personality': 3, 'experiencePreference': 3, 'handmadePreference': 3, 'budgetFlexibility': 3, 'stylePreference': 3, 'surpriseReaction': 3, 'connectionImportance': 3, 'noteImportance': 3, 'handmadeOverStore': 3, 'sharedMemoriesAppreciation': 3, 'relationshipCloseness': 3, 'uniqueGiftValue': 3, 'practicalOverSentimental': 3}","{'helpful': 'Maybe', 'suggestion': ''}",2026-04-05 14:09:58.718000+00:00
2,"[{'gender': 'Female', 'knownDuration': '5+ year', 'id': 1, 'occasion': ['Birthday', 'Wedding/Engagement gift'], 'ageGroup': '20–25', 'gifts': [{'type': 'Jewellery', 'preferredStyle': ['Handmade & Crafted'], 'jewelryColor': 'Gold', 'quantity': 2, 'jewelryStyle': 'Pendant', 'jewelryPrice': '3000–4000 PKR'}, {'type': 'Clothing', 'preferredStyle': ['Handmade & Crafted'], 'dressPieces': 'Three-piece', 'dressColors': ['Purple'], 'dressType': 'Unstitched dress', 'dressPrice': '5000 PKR'}, {'type': 'Edible Stuff', 'preferredStyle': ['Quirky & Unique'], 'edibleQuantity': 1, 'flavours': {'Cake': 'Red Velvet'}, 'foodItems': ['Cake'], 'ediblePrice': '3000–4000 PKR'}], 'relationship': 'Spouse', 'ageType': 'Adult'}, {'gender': 'Female', 'knownDuration': '5+ year', 'id': 2, 'occasion': ['Birthday'], 'ageGroup': '20–25', 'gifts': [{'type': 'Bag/Wallet', 'preferredStyle': ['Quirky & Unique'], 'walletColor': 'Black', 'walletPrice': '3000–5000 PKR', 'walletStyle': 'Mini wallets'}, {'type': 'Edible Stuff', 'preferredStyle': ['Quirky & Unique'], 'edibleQuantity': 1, 'flavours': {'Cake': 'Chocolate'}, 'foodItems': ['Cake'], 'ediblePrice': '3000–4000 PKR'}, {'type': 'Makeup Products', 'preferredStyle': ['Quirky & Unique'], 'makeupPrice': '4000–5000 PKR', 'makeupItem': 'Different brushes palette'}], 'relationship': 'Close Family(Parent, Sibling, Child)', 'ageType': 'Adult'}]",Basket with net,"{'personality': 3, 'experiencePreference': 3, 'handmadePreference': 3, 'budgetFlexibility': 3, 'stylePreference': 3, 'surpriseReaction': 3, 'connectionImportance': 3, 'noteImportance': 3, 'handmadeOverStore': 3, 'sharedMemoriesAppreciation': 3, 'relationshipCloseness': 3, 'uniqueGiftValue': 3, 'practicalOverSentimental': 3}","{'helpful': 'Yes', 'suggestion': 'Use simple words for better understanding '}",2025-12-24 17:23:30.476000+00:00
1,"[{'gender': 'Male', 'knownDuration': '5+ year', 'id': 1, 'occasion': ['Birthday'], 'ageGroup': '20–25', 'gifts': [{'type': 'Shoes', 'preferredStyle': ['Handmade & Crafted'], 'shoePrice': '5000 PKR', 'shoeStyle': 'Formal shoes', 'shoeColor': 'Black', 'shoeSize': '44'}], 'relationship': 'Other', 'ageType': 'Adult'}]",Simple box,"{'personality': 3, 'experiencePreference': 3, 'handmadePreference': 3, 'budgetFlexibility': 3, 'stylePreference': 3, 'surpriseReaction': 3, 'connectionImportance': 3, 'noteImportance': 3, 'handmadeOverStore': 3, 'sharedMemoriesAppreciation': 3, 'relationshipCloseness': 3, 'uniqueGiftValue': 3, 'practicalOverSentimental': 3}","{'helpful': 'Yes', 'suggestion': ''}",2026-03-13 22:30:42.695000+00:00
1,"[{'gender': 'Male', 'knownDuration': 'Less than a year', 'id': 1, 'occasion': ['Anniversary'], 'ageGroup': '25–35', 'gifts': [{'type': 'Perfume', 'preferredStyle': ['Handmade & Crafted'], 'perfumeScent': 'Floral', 'perfumePrice': '7000–10,000 PKR'}], 'relationship': 'Friend', 'ageType': 'Adult'}]",Simple box,"{'personality': 3, 'experiencePreference': 3, 'handmadePreference': 3, 'budgetFlexibility': 3, 'stylePreference': 3, 'surpriseReaction': 3, 'connectionImportance': 3, 'noteImportance': 3, 'handmadeOverStore': 3, 'sharedMemoriesAppreciation': 3, 'relationshipCloseness': 3, 'uniqueGiftValue': 3, 'practicalOverSentimental': 3}","{'helpful': 'Yes', 'suggestion': ''}",2026-03-17 12:32:24.034000+00:00
1,"[{'gender': 'Female', 'knownDuration': '5+ year', 'id': 1, 'occasion': ['Holiday'], 'ageGroup': '20–25', 'gifts': [{'type': 'Clothing', 'preferredStyle': ['Handmade & Crafted'], 'femaleDressStyle': 'Shirt', 'dressSize': 'S', 'dressColors': ['Maroon'], 'dressType': 'Stitched dress', 'dressPrice': '5000–8000 PKR'}], 'relationship': 'Close Family(Parent, Sibling, Child)', 'ageType': 'Adult'}]",Basket with ribbon,"{'personality': '5', 'experiencePreference': '4', 'handmadePreference': '5', 'budgetFlexibility': '4', 'stylePreference': '1', 'surpriseReaction': '1', 'connectionImportance': '1', 'noteImportance': '1', 'handmadeOverStore': 3, 'sharedMemoriesAppreciation': '5', 'relationshipCloseness': '5', 'uniqueGiftValue': '4', 'practicalOverSentimental': '1'}","{'helpful': 'Maybe', 'suggestion': 'Why the clothing option has shalwar option obv no one wants to gift only shalwar should add shalwar kameez instead '}",2026-04-08 05:23:32.819000+00:00
1,"[{'gender': 'Female', 'knownDuration': '5+ year', 'id': 1, 'occasion': ['Birthday'], 'ageGroup': '20–25', 'gifts': [{'type': 'Jewellery', 'preferredStyle': ['Handmade & Crafted'], 'jewelryColor': 'Silver', 'quantity': 1, 'jewelryStyle': 'Rings', 'jewelryPrice': '3000–4000 PKR'}], 'relationship': 'Friend', 'ageType': 'Adult'}]",Basket with ribbon,"{'personality': 3, 'experiencePreference': 3, 'handmadePreference': 3, 'budgetFlexibility': 3, 'stylePreference': 3, 'surpriseReaction': 3, 'connectionImportance': 3, 'noteImportance': 3, 'handmadeOverStore': 3, 'sharedMemoriesAppreciation': 3, 'relationshipCloseness': 3, 'uniqueGiftValue': 3, 'practicalOverSentimental': 3}","{'helpful': 'No', 'suggestion': ''}",2025-12-25 08:30:57.919000+00:00
1,"[{'gender': 'Male', 'knownDuration': '3–5 year', 'id': 1, 'occasion': ['Birthday'], 'ageGroup': '16–20', 'gifts': [{'type': 'Wallet', 'preferredStyle': ['Quirky & Unique'], 'walletColor': 'Camel brown', 'walletPrice': '5000–6000 PKR', 'walletStyle': 'Card wallets'}, {'type': 'Perfume', 'preferredStyle': ['Funny & Lighthearted'], 'perfumeScent': 'Sweet', 'perfumePrice': '5000–7000 PKR'}], 'relationship': 'Close Family(Parent, Sibling, Child)', 'ageType': 'Adult'}]",Simple box,"{'personality': '2', 'experiencePreference': '1', 'handmadePreference': '4', 'budgetFlexibility': '2', 'stylePreference': '4', 'surpriseReaction': '5', 'connectionImportance': '2', 'noteImportance': '5', 'handmadeOverStore': '2', 'sharedMemoriesAppreciation': '4', 'relationshipCloseness': '2', 'uniqueGiftValue': '4', 'practicalOverSentimental': '2'}","{'helpful': 'Maybe', 'suggestion': ''}",2025-12-23 21:09:41.507000+00:00
1,"[{'gender': 'Female', 'knownDuration': '5+ year', 'id': 1, 'occasion': ['Thank you gift', 'Graduation'], 'ageGroup': '16–20', 'gifts': [{'type': 'Edible Stuff', 'preferredStyle': ['Handmade & Crafted'], 'edibleQuantity': 2, 'flavours': {'Chocolates': 'Hazelnut', 'Cupcakes': 'Chocolate'}, 'foodItems': ['Chocolates', 'Cupcakes'], 'ediblePrice': '1000–2000 PKR'}], 'relationship': 'Close Family(Parent, Sibling, Child)', 'ageType': 'Adult'}]",Basket with net,"{'personality': 3, 'experiencePreference': 3, 'handmadePreference': 3, 'budgetFlexibility': 3, 'stylePreference': 3, 'surpriseReaction': 3, 'connectionImportance': 3, 'noteImportance': 3, 'handmadeOverStore': 3, 'sharedMemoriesAppreciation': 3, 'relationshipCloseness': 3, 'uniqueGiftValue': 3, 'practicalOverSentimental': 3}","{'helpful': 'Yes', 'suggestion': ''}",2026-03-11 19:32:37.723000+00:00
1,"[{'gender': 'Male', 'knownDuration': 'Less than a year', 'id': 1, 'occasion': ['Birthday'], 'ageGroup': '20–25', 'gifts': [{'type': 'Wallet', 'preferredStyle': ['Handmade & Crafted'], 'walletColor': 'Black', 'walletPrice': '3000–5000 PKR', 'walletStyle': 'Bifold wallets'}], 'relationship': 'Close Family(Parent, Sibling, Child)', 'ageType': 'Adult'}]",Simple box,"{'personality': 3, 'experiencePreference': 3, 'handmadePreference': '4', 'budgetFlexibility': 3, 'stylePreference': 3, 'surpriseReaction': 3, 'connectionImportance': 3, 'noteImportance': 3, 'handmadeOverStore': 3, 'sharedMemoriesAppreciation': 3, 'relationshipCloseness': 3, 'uniqueGiftValue': 3, 'practicalOverSentimental': 3}","{'helpful': 'Maybe', 'suggestion': ''}",2026-04-08 09:19:56.748000+00:00
1,"[{'gender': 'Male', 'knownDuration': '5+ year', 'id': 1, 'occasion': ['Birthday'], 'ageGroup': '20–25', 'gifts': [{'type': 'Perfume', 'preferredStyle': ['Handmade & Crafted'], 'perfumeScent': 'Floral', 'perfumePrice': '7000–10,000 PKR'}], 'relationship': 'Friend', 'ageType': 'Adult'}]",Basket with net,"{'personality': 3, 'experiencePreference': 3, 'handmadePreference': 3, 'budgetFlexibility': 3, 'stylePreference': 3, 'surpriseReaction': 3, 'connectionImportance': 3, 'noteImportance': 3, 'handmadeOverStore': 3, 'sharedMemoriesAppreciation': 3, 'relationshipCloseness': 3, 'uniqueGiftValue': 3, 'practicalOverSentimental': 3}","{'helpful': 'Yes', 'suggestion': ''}",2026-03-15 11:29:43.699000+00:00
1,"[{'gender': 'Female', 'knownDuration': '5+ year', 'id': 1, 'occasion': ['Graduation'], 'ageGroup': '25–35', 'gifts': [{'type': 'Jewellery', 'preferredStyle': ['Quirky & Unique'], 'jewelryColor': 'Gold', 'quantity': 1, 'jewelryStyle': 'Necklace', 'jewelryPrice': 'More than 5000 PKR'}], 'relationship': 'Friend', 'ageType': 'Adult'}]",Acrylic box,"{'personality': '4', 'experiencePreference': '1', 'handmadePreference': '5', 'budgetFlexibility': '5', 'stylePreference': '5', 'surpriseReaction': '1', 'connectionImportance': '4', 'noteImportance': '5', 'handmadeOverStore': '5', 'sharedMemoriesAppreciation': '5', 'relationshipCloseness': '5', 'uniqueGiftValue': '5', 'practicalOverSentimental': '1'}","{'helpful': 'Maybe', 'suggestion': ''}",2026-03-14 04:21:00.547000+00:00
3,"[{'gender': 'Female', 'knownDuration': '1–3 year', 'id': 1, 'occasion': ['Birthday', 'Wedding/Engagement gift'], 'ageGroup': '25–35', 'gifts': [{'type': 'Clothing', 'preferredStyle': ['Funny & Lighthearted'], 'femaleDressStyle': 'Gown', 'dressSize': 'M', 'dressColors': ['Black', 'Pink'], 'dressType': 'Stitched dress', 'dressPrice': '5000 PKR'}, {'type': 'Shoes', 'preferredStyle': ['Handmade & Crafted'], 'shoePrice': '15,000–20,000 PKR', 'shoeStyle': 'Sliders', 'shoeColor': 'Green', 'shoeSize': '40'}, {'type': 'Makeup Products', 'preferredStyle': ['Quirky & Unique'], 'makeupPrice': '7000–8000 PKR', 'makeupItem': 'Eye brushes palette'}], 'relationship': 'Close Family(Parent, Sibling, Child)', 'ageType': 'Adult'}, {'gender': 'Male', 'knownDuration': 'Less than a year', 'id': 2, 'occasion': ['Birthday'], 'ageGroup': '20–25', 'gifts': [{'type': 'Jewellery', 'preferredStyle': ['Funny & Lighthearted'], 'jewelryColor': 'Gold', 'quantity': 4, 'jewelryStyle': 'Chain', 'jewelryPrice': '3000–4000 PKR'}, {'type': 'Wallet', 'preferredStyle': ['Handmade & Crafted'], 'walletColor': 'Camel brown', 'walletEngraving': 'Talhs', 'walletPrice': '6000–8000 PKR', 'walletStyle': 'Card wallets'}, {'type': 'Clothing', 'preferredStyle': ['Funny & Lighthearted'], 'dressPieces': 'Three-piece', 'dressColors': ['Black', 'Yellow'], 'dressType': 'Unstitched dress', 'dressPrice': '8000–10,000 PKR'}], 'relationship': 'Spouse', 'ageType': 'Adult'}, {'gender': 'Male', 'knownDuration': '', 'id': 3, 'kidToyTypes': ['Tech/ Games'], 'kidDislikes': ['Labubu Dolls'], 'occasion': ['Other'], 'ageGroup': '6–9', 'gifts': [{'type': 'Toys', 'kidBudget': 'More than 7500 PKR'}, {'type': 'Perfume', 'perfumeScent': 'Woody', 'perfumeBudget': '2000–2500 PKR'}, {'type': 'Edible Stuff', 'edibleQuantity': 3, 'flavours': {'Popcorns': 'Butter', 'Chocolates': 'Milk Chocolate', 'Cupcakes': 'Vanilla'}, 'foodItems': ['Chocolates', 'Cupcakes', 'Popcorns'], 'ediblePrice': '4000–5000 PKR'}, {'type': 'Accessories', 'quantity': 1, 'jewelryStyle': 'Bangles', 'jewelryColors': 'Purple', 'jewelryPrice': 'More than 5000 PKR'}], 'relationship': 'Extended Family (Aunt, Uncle, Cousin)', 'ageType': 'Kid'}]",Basket with net,"{'personality': 3, 'experiencePreference': 3, 'handmadePreference': 3, 'budgetFlexibility': 3, 'stylePreference': 3, 'surpriseReaction': 3, 'connectionImportance': 3, 'noteImportance': 3, 'handmadeOverStore': 3, 'sharedMemoriesAppreciation': 3, 'relationshipCloseness': 3, 'uniqueGiftValue': 3, 'practicalOverSentimental': 3}","{'helpful': 'Yes', 'suggestion': ''}",2025-12-20 20:19:18.904000+00:00
2,"[{'gender': 'Female', 'knownDuration': '3–5 year', 'id': 1, 'occasion': ['Graduation'], 'ageGroup': '25–35', 'gifts': [{'type': 'Clothing', 'preferredStyle': ['Handmade & Crafted', 'Funny & Lighthearted'], 'femaleDressStyle': 'Shirt', 'dressSize': 'L', 'dressColors': ['Maroon'], 'dressType': 'Stitched dress', 'dressPrice': '10,000–15,000 PKR'}], 'relationship': 'Friend', 'ageType': 'Adult'}, {'gender': 'Female', 'knownDuration': '3–5 year', 'id': 2, 'occasion': ['Graduation'], 'ageGroup': '20–25', 'gifts': [{'type': 'Makeup Products', 'preferredStyle': ['Funny & Lighthearted'], 'makeupPrice': '4000–5000 PKR', 'makeupItem': 'Eyeshadow kit'}], 'relationship': 'Friend', 'ageType': 'Adult'}]",Simple box,"{'personality': 3, 'experiencePreference': 3, 'handmadePreference': 3, 'budgetFlexibility': 3, 'stylePreference': 3, 'surpriseReaction': 3, 'connectionImportance': 3, 'noteImportance': 3, 'handmadeOverStore': '5', 'sharedMemoriesAppreciation': 3, 'relationshipCloseness': 3, 'uniqueGiftValue': 3, 'practicalOverSentimental': 3}","{'helpful': 'Yes', 'suggestion': ''}",2026-04-05 14:08:20.469000+00:00
1,"[{'gender': 'Male', 'knownDuration': 'Less than a year', 'id': 1, 'occasion': ['Thank you gift'], 'ageGroup': '25–35', 'gifts': [{'type': 'Wallet', 'preferredStyle': ['Quirky & Unique', 'Handmade & Crafted'], 'walletColor': 'Brown', 'walletPrice': '8000–10,000 PKR', 'walletStyle': 'Bifold wallets'}], 'relationship': 'Extended Family (Aunt, Uncle, Cousin)', 'ageType': 'Adult'}]",Simple box,"{'personality': 3, 'experiencePreference': 3, 'handmadePreference': 3, 'budgetFlexibility': 3, 'stylePreference': 3, 'surpriseReaction': 3, 'connectionImportance': '5', 'noteImportance': '5', 'handmadeOverStore': '5', 'sharedMemoriesAppreciation': 3, 'relationshipCloseness': '5', 'uniqueGiftValue': 3, 'practicalOverSentimental': 3}","{'helpful': 'Yes', 'suggestion': ''}",2026-04-05 14:04:54.327000+00:00
1,"[{'gender': 'Male', 'knownDuration': '5+ year', 'id': 1, 'occasion': ['Birthday'], 'ageGroup': '20–25', 'gifts': [{'type': 'Perfume', 'preferredStyle': ['Funny & Lighthearted'], 'perfumeScent': 'Sweet', 'perfumePrice': '12,000–15,000 PKR'}], 'relationship': 'Friend', 'ageType': 'Adult'}]",Basket with net,"{'personality': 3, 'experiencePreference': 3, 'handmadePreference': 3, 'budgetFlexibility': 3, 'stylePreference': 3, 'surpriseReaction': 3, 'connectionImportance': 3, 'noteImportance': 3, 'handmadeOverStore': 3, 'sharedMemoriesAppreciation': 3, 'relationshipCloseness': 3, 'uniqueGiftValue': 3, 'practicalOverSentimental': 3}","{'helpful': 'Yes', 'suggestion': ''}",2026-01-08 15:59:52.985000+00:00
1,"[{'gender': 'Female', 'knownDuration': '1–3 year', 'id': 1, 'occasion': ['Get well soon'], 'ageGroup': '16–20', 'gifts': [{'type': 'Bag/Wallet', 'preferredStyle': ['Quirky & Unique'], 'walletColor': 'Black', 'walletPrice': '5000–10,000 PKR', 'walletStyle': 'Tote bags'}], 'relationship': 'Other', 'ageType': 'Adult'}]",Simple box,"{'personality': '2', 'experiencePreference': 3, 'handmadePreference': '4', 'budgetFlexibility': '2', 'stylePreference': 3, 'surpriseReaction': 3, 'connectionImportance': '4', 'noteImportance': 3, 'handmadeOverStore': 3, 'sharedMemoriesAppreciation': 3, 'relationshipCloseness': 3, 'uniqueGiftValue': 3, 'practicalOverSentimental': 3}","{'helpful': 'Yes', 'suggestion': ''}",2026-03-13 22:09:12.198000+00:00
1,"[{'gender': 'Male', 'knownDuration': '5+ year', 'id': 1, 'occasion': ['Birthday'], 'ageGroup': '20–25', 'gifts': [{'type': 'Perfume', 'preferredStyle': ['Handmade & Crafted'], 'perfumeScent': 'Sweet', 'perfumePrice': '10,000–12,000 PKR'}, {'type': 'Clothing', 'preferredStyle': ['Handmade & Crafted'], 'dressPieces': 'Two-piece', 'dressColors': ['Black'], 'dressType': 'Unstitched dress', 'dressPrice': '10,000–15,000 PKR'}], 'relationship': 'Friend', 'ageType': 'Adult'}]",Acrylic box,"{'personality': 3, 'experiencePreference': 3, 'handmadePreference': 3, 'budgetFlexibility': '5', 'stylePreference': 3, 'surpriseReaction': 3, 'connectionImportance': 3, 'noteImportance': 3, 'handmadeOverStore': 3, 'sharedMemoriesAppreciation': 3, 'relationshipCloseness': 3, 'uniqueGiftValue': 3, 'practicalOverSentimental': 3}","{'helpful': 'Yes', 'suggestion': ''}",2026-04-08 07:42:44.458000+00:00
2,"[{'gender': 'Male', 'knownDuration': '5+ year', 'id': 1, 'occasion': ['Birthday'], 'ageGroup': 'More than 35 years', 'gifts': [{'type': 'Shoes', 'preferredStyle': ['Quirky & Unique'], 'shoePrice': '5000–10,000 PKR', 'shoeStyle': 'Formal shoes', 'shoeColor': 'Light brown', 'shoeSize': '41'}], 'relationship': 'Close Family(Parent, Sibling, Child)', 'ageType': 'Adult'}, {'gender': 'Male', 'knownDuration': '1–3 year', 'id': 2, 'occasion': ['Thank you gift'], 'ageGroup': '25–35', 'gifts': [{'type': 'Edible Stuff', 'preferredStyle': ['Funny & Lighthearted'], 'edibleQuantity': 1, 'flavours': {'Brownie': 'Walnut'}, 'foodItems': ['Brownie'], 'ediblePrice': '1000–2000 PKR'}], 'relationship': 'Friend', 'ageType': 'Adult'}]",Basket with net,"{'personality': '5', 'experiencePreference': 3, 'handmadePreference': '1', 'budgetFlexibility': '2', 'stylePreference': '4', 'surpriseReaction': '5', 'connectionImportance': '5', 'noteImportance': '4', 'handmadeOverStore': '2', 'sharedMemoriesAppreciation': '4', 'relationshipCloseness': '1', 'uniqueGiftValue': 3, 'practicalOverSentimental': '2'}","{'helpful': 'Yes', 'suggestion': 'Small details, adds value'}",2026-01-01 10:52:26.645000+00:00
1,"[{'gender': 'Male', 'knownDuration': '1–3 year', 'id': 1, 'occasion': ['Wedding/Engagement gift'], 'ageGroup': '20–25', 'gifts': [{'type': 'Jewellery', 'preferredStyle': ['Quirky & Unique'], 'jewelryColor': 'Gold', 'jewelryStyle': 'Rings', 'quantity': 1, 'jewelryPrice': 'More than 5000 PKR'}, {'type': 'Wallet', 'preferredStyle': ['Quirky & Unique'], 'walletColor': 'Black', 'walletEngraving': 'habibaa kashif', 'walletPrice': '8000–10,000 PKR', 'walletStyle': 'Formal bag'}], 'relationship': 'Spouse', 'ageType': 'Adult'}]",Acrylic box,"{'personality': '5', 'experiencePreference': 3, 'handmadePreference': 3, 'budgetFlexibility': 3, 'stylePreference': 3, 'surpriseReaction': 3, 'connectionImportance': '5', 'noteImportance': 3, 'handmadeOverStore': 3, 'sharedMemoriesAppreciation': 3, 'relationshipCloseness': 3, 'uniqueGiftValue': 3, 'practicalOverSentimental': 3}","{'helpful': 'No', 'suggestion': ''}",2026-04-08 05:21:30.693000+00:00
1,"[{'gender': 'Male', 'knownDuration': '1–3 year', 'id': 1, 'occasion': ['Other'], 'ageGroup': '25–35', 'gifts': [{'type': 'Jewellery', 'preferredStyle': ['Funny & Lighthearted'], 'jewelryColor': 'Silver', 'quantity': 1, 'jewelryStyle': 'Rings', 'jewelryPrice': 'More than 5000 PKR'}], 'relationship': 'Other', 'ageType': 'Adult'}]",Simple box,"{'personality': 3, 'experiencePreference': 3, 'handmadePreference': 3, 'budgetFlexibility': 3, 'stylePreference': 3, 'surpriseReaction': 3, 'connectionImportance': 3, 'noteImportance': 3, 'handmadeOverStore': 3, 'sharedMemoriesAppreciation': 3, 'relationshipCloseness': 3, 'uniqueGiftValue': 3, 'practicalOverSentimental': 3}","{'helpful': 'Yes', 'suggestion': ''}",2026-04-05 14:13:17.011000+00:00
3,"[{'gender': 'Female', 'knownDuration': 'Less than a year', 'id': 1, 'occasion': ['Birthday'], 'ageGroup': '20–25', 'gifts': [{'type': 'Shoes', 'preferredStyle': ['Handmade & Crafted'], 'shoePrice': '5000 PKR', 'shoeStyle': 'Heels', 'shoeColor': 'Black', 'shoeSize': '37'}, {'type': 'Jewellery', 'preferredStyle': ['Funny & Lighthearted'], 'jewelryColor': 'Silver', 'quantity': 1, 'jewelryStyle': 'Rings', 'jewelryPrice': '1000–2000 PKR'}, {'type': 'Perfume', 'preferredStyle': ['Funny & Lighthearted'], 'quantity': 1, 'perfumeScent': 'Sweet', 'perfumePrice': '12,000–15,000 PKR', 'jewelryPrice': '1000–2000 PKR'}], 'relationship': 'Close Family(Parent, Sibling, Child)', 'ageType': 'Adult'}, {'gender': 'Male', 'knownDuration': '5+ year', 'id': 2, 'occasion': ['Birthday'], 'ageGroup': '20–25', 'gifts': [{'type': 'Wallet', 'preferredStyle': ['Quirky & Unique'], 'walletColor': 'Camel brown', 'walletEngraving': '', 'walletPrice': '5000–6000 PKR', 'walletStyle': 'Trifold wallets'}], 'relationship': 'Close Family(Parent, Sibling, Child)', 'ageType': 'Adult'}, {'gender': 'Male', 'knownDuration': '5+ year', 'id': 3, 'occasion': ['Anniversary'], 'ageGroup': '25–35', 'gifts': [{'type': 'Edible Stuff', 'preferredStyle': ['Handmade & Crafted'], 'edibleQuantity': 1, 'flavours': {'Chocolates': 'Milk Chocolate'}, 'foodItems': ['Chocolates'], 'ediblePrice': '4000–5000 PKR'}], 'relationship': 'Colleague/Professional', 'ageType': 'Adult'}]",Simple box,"{'personality': '5', 'experiencePreference': 3, 'handmadePreference': 3, 'budgetFlexibility': 3, 'stylePreference': 3, 'surpriseReaction': 3, 'connectionImportance': '5', 'noteImportance': 3, 'handmadeOverStore': 3, 'sharedMemoriesAppreciation': 3, 'relationshipCloseness': 3, 'uniqueGiftValue': 3, 'practicalOverSentimental': 3}","{'helpful': 'Yes', 'suggestion': 'Excellent '}",2026-01-01 14:10:08.774000+00:00
2,"[{'gender': 'Male', 'knownDuration': '1–3 year', 'id': 1, 'occasion': ['Birthday'], 'ageGroup': '20–25', 'gifts': [{'type': 'Perfume', 'preferredStyle': ['Quirky & Unique'], 'perfumeScent': 'Floral', 'perfumePrice': '5000–7000 PKR'}, {'type': 'Perfume', 'preferredStyle': ['Quirky & Unique'], 'perfumeScent': 'Spicy', 'perfumePrice': '7000–10,000 PKR'}], 'relationship': 'Close Family(Parent, Sibling, Child)', 'ageType': 'Adult'}, {'gender': 'Male', 'knownDuration': '1–3 year', 'id': 2, 'occasion': ['Birthday'], 'ageGroup': '20–25', 'gifts': [{'type': 'Clothing', 'preferredStyle': ['Funny & Lighthearted'], 'dressSize': 'L', 'maleDressStyle': 'Kurta', 'dressColors': ['Red'], 'dressType': 'Stitched dress', 'dressPrice': '8000–10,000 PKR'}], 'relationship': 'Close Family(Parent, Sibling, Child)', 'ageType': 'Adult'}]",Basket with net,"{'personality': 3, 'experiencePreference': 3, 'handmadePreference': 3, 'budgetFlexibility': 3, 'stylePreference': 3, 'surpriseReaction': 3, 'connectionImportance': 3, 'noteImportance': 3, 'handmadeOverStore': 3, 'sharedMemoriesAppreciation': 3, 'relationshipCloseness': 3, 'uniqueGiftValue': 3, 'practicalOverSentimental': 3}","{'helpful': 'Yes', 'suggestion': ''}",2026-01-01 11:13:09.168000+00:00
1,"[{'gender': 'Female', 'knownDuration': '1–3 year', 'id': 1, 'occasion': ['Get well soon'], 'ageGroup': '25–35', 'gifts': [{'type': 'Bag/Wallet', 'preferredStyle': ['Quirky & Unique'], 'walletColor': 'Black', 'walletPrice': '10,000–15,000 PKR', 'walletStyle': 'Tote bags'}], 'relationship': 'Friend', 'ageType': 'Adult'}]",Basket with ribbon,"{'personality': 3, 'experiencePreference': 3, 'handmadePreference': '5', 'budgetFlexibility': 3, 'stylePreference': 3, 'surpriseReaction': 3, 'connectionImportance': 3, 'noteImportance': 3, 'handmadeOverStore': '5', 'sharedMemoriesAppreciation': 3, 'relationshipCloseness': 3, 'uniqueGiftValue': '5', 'practicalOverSentimental': 3}","{'helpful': 'Yes', 'suggestion': ''}",2026-04-04 20:43:13.636000+00:00
1,"[{'gender': 'Female', 'knownDuration': '3–5 year', 'id': 1, 'occasion': ['Birthday'], 'ageGroup': '20–25', 'gifts': [{'type': 'Perfume', 'preferredStyle': ['Quirky & Unique'], 'perfumeScent': 'Floral', 'perfumePrice': '5000 PKR'}], 'relationship': 'Close Family(Parent, Sibling, Child)', 'ageType': 'Adult'}]",Acrylic box,"{'personality': 3, 'experiencePreference': 3, 'handmadePreference': 3, 'budgetFlexibility': 3, 'stylePreference': 3, 'surpriseReaction': 3, 'connectionImportance': 3, 'noteImportance': 3, 'handmadeOverStore': 3, 'sharedMemoriesAppreciation': 3, 'relationshipCloseness': 3, 'uniqueGiftValue': 3, 'practicalOverSentimental': 3}","{'helpful': 'Yes', 'suggestion': ''}",2026-01-01 11:05:12.756000+00:00
1,"[{'gender': 'Female', 'knownDuration': '5+ year', 'id': 1, 'occasion': ['Birthday'], 'ageGroup': '20–25', 'gifts': [{'type': 'Perfume', 'preferredStyle': ['Handmade & Crafted'], 'perfumeScent': 'Spicy', 'perfumePrice': '5000 PKR'}], 'relationship': 'Close Family(Parent, Sibling, Child)', 'ageType': 'Adult'}]",Basket with net,"{'personality': '4', 'experiencePreference': '2', 'handmadePreference': '4', 'budgetFlexibility': '5', 'stylePreference': '4', 'surpriseReaction': '4', 'connectionImportance': '5', 'noteImportance': '4', 'handmadeOverStore': '4', 'sharedMemoriesAppreciation': '5', 'relationshipCloseness': '5', 'uniqueGiftValue': '4', 'practicalOverSentimental': '2'}","{'helpful': 'Yes', 'suggestion': ''}",2026-01-04 13:09:22.038000+00:00
1,"[{'gender': 'Female', 'knownDuration': '5+ year', 'id': 1, 'occasion': ['Anniversary'], 'ageGroup': '20–25', 'gifts': [{'type': 'Bag/Wallet', 'preferredStyle': ['Quirky & Unique'], 'walletColor': 'Black', 'walletPrice': '3000–5000 PKR', 'walletStyle': 'Clutch'}], 'relationship': 'Close Family(Parent, Sibling, Child)', 'ageType': 'Adult'}]",Basket with net,"{'personality': '5', 'experiencePreference': 3, 'handmadePreference': 3, 'budgetFlexibility': '4', 'stylePreference': '4', 'surpriseReaction': 3, 'connectionImportance': '5', 'noteImportance': 3, 'handmadeOverStore': 3, 'sharedMemoriesAppreciation': 3, 'relationshipCloseness': 3, 'uniqueGiftValue': 3, 'practicalOverSentimental': 3}","{'helpful': 'Maybe', 'suggestion': ''}",2026-03-14 18:41:55.921000+00:00
1,"[{'gender': 'Male', 'knownDuration': '1–3 year', 'id': 1, 'occasion': ['Birthday'], 'ageGroup': '20–25', 'gifts': [{'type': 'Perfume', 'preferredStyle': ['Handmade & Crafted'], 'perfumeScent': 'Spicy', 'perfumePrice': '5000 PKR'}], 'relationship': 'Friend', 'ageType': 'Adult'}]",Acrylic box,"{'personality': '4', 'experiencePreference': '5', 'handmadePreference': '1', 'budgetFlexibility': '5', 'stylePreference': '4', 'surpriseReaction': '5', 'connectionImportance': '5', 'noteImportance': '5', 'handmadeOverStore': '2', 'sharedMemoriesAppreciation': '2', 'relationshipCloseness': '5', 'uniqueGiftValue': '5', 'practicalOverSentimental': 3}","{'helpful': 'Yes', 'suggestion': ''}",2026-03-14 00:25:22.921000+00:00
4,"[{'gender': 'Female', 'knownDuration': '3–5 year', 'id': 1, 'occasion': ['Birthday', 'Thank you gift'], 'ageGroup': '20–25', 'gifts': [{'type': 'Makeup Products', 'preferredStyle': ['Quirky & Unique'], 'makeupPrice': '4000–5000 PKR', 'makeupItem': 'Lip gloss'}, {'type': 'Clothing', 'walletColor': 'Black', 'dressColors': ['Purple'], 'femaleDressStyle': 'Frock', 'preferredStyle': ['Quirky & Unique'], 'dressPrice': '5000–8000 PKR', 'dressType': 'Stitched dress', 'dressSize': 'M'}, {'type': 'Edible Stuff', 'preferredStyle': ['Funny & Lighthearted'], 'edibleQuantity': 4, 'flavours': {'Snacks': 'Spicy Chili', 'Chocolates': 'Hazelnut', 'Cake': 'Red Velvet', 'Cupcakes': 'Chocolate'}, 'foodItems': ['Chocolates', 'Cake', 'Cupcakes', 'Snacks'], 'ediblePrice': '3000–4000 PKR'}, {'type': 'Jewellery', 'preferredStyle': ['Quirky & Unique'], 'jewelryColor': 'Silver', 'quantity': 4, 'jewelryStyle': 'Jhumkis', 'jewelryPrice': '3000–4000 PKR'}], 'relationship': 'Friend', 'ageType': 'Adult'}, {'gender': 'Male', 'knownDuration': '1–3 year', 'id': 2, 'occasion': ['Birthday'], 'ageGroup': '20–25', 'gifts': [{'type': 'Perfume', 'preferredStyle': ['Handmade & Crafted'], 'perfumeScent': 'Spicy', 'perfumePrice': '5000 PKR'}, {'type': 'Jewellery', 'preferredStyle': ['Quirky & Unique'], 'jewelryColor': 'Silver', 'jewelryStyle': 'Wrist bands', 'quantity': 1, 'jewelryPrice': 'More than 5000 PKR'}, {'type': 'Shoes', 'preferredStyle': ['Handmade & Crafted'], 'shoePrice': '5000 PKR', 'shoeStyle': 'Formal shoes', 'shoeColor': 'Black', 'shoeSize': '41'}], 'relationship': 'Friend', 'ageType': 'Adult'}, {'gender': 'Female', 'knownDuration': '1–3 year', 'id': 3, 'occasion': ['Wedding/Engagement gift'], 'ageGroup': '20–25', 'gifts': [{'type': 'Clothing', 'preferredStyle': ['Handmade & Crafted'], 'femaleDressStyle': 'Gown', 'dressSize': 'M', 'dressColors': ['Black'], 'dressType': 'Stitched dress', 'dressPrice': '5000 PKR'}], 'relationship': 'Extended Family (Aunt, Uncle, Cousin)', 'ageType': 'Adult'}, {'gender': 'Female', 'knownDuration': '5+ year', 'id': 4, 'occasion': ['Wedding/Engagement gift'], 'ageGroup': '20–25', 'gifts': [{'type': 'Makeup Products', 'preferredStyle': ['Handmade & Crafted', 'Quirky & Unique'], 'makeupPrice': '3000–4000 PKR', 'makeupItem': 'Vinyl lipstick'}], 'relationship': 'Close Family(Parent, Sibling, Child)', 'ageType': 'Adult'}]",Basket with net,"{'personality': 3, 'experiencePreference': '1', 'handmadePreference': '5', 'budgetFlexibility': '5', 'stylePreference': '5', 'surpriseReaction': '5', 'connectionImportance': '5', 'noteImportance': '5', 'handmadeOverStore': '5', 'sharedMemoriesAppreciation': '3', 'relationshipCloseness': '5', 'uniqueGiftValue': '1', 'practicalOverSentimental': '3'}","{'helpful': 'Yes', 'suggestion': ''}",2026-01-08 15:15:32.259000+00:00
1,"[{'gender': 'Male', 'knownDuration': '1–3 year', 'id': 1, 'occasion': ['Birthday'], 'ageGroup': '20–25', 'gifts': [{'type': 'Perfume', 'preferredStyle': ['Handmade & Crafted'], 'perfumeScent': 'Floral', 'perfumePrice': '5000 PKR'}], 'relationship': 'Friend', 'ageType': 'Adult'}]",Basket with ribbon,"{'personality': '4', 'experiencePreference': 3, 'handmadePreference': '4', 'budgetFlexibility': 3, 'stylePreference': '4', 'surpriseReaction': 3, 'connectionImportance': '5', 'noteImportance': '4', 'handmadeOverStore': '4', 'sharedMemoriesAppreciation': '4', 'relationshipCloseness': '2', 'uniqueGiftValue': 3, 'practicalOverSentimental': 3}","{'helpful': 'Maybe', 'suggestion': ''}",2026-04-08 05:21:19.863000+00:00
1,"[{'gender': 'Female', 'knownDuration': '5+ year', 'id': 1, 'occasion': ['Birthday'], 'ageGroup': '20–25', 'gifts': [{'type': 'Perfume', 'preferredStyle': ['Quirky & Unique'], 'perfumePrice': '5000 PKR', 'perfumeScent': 'Floral', 'dressColors': ['Black'], 'dressType': 'Stitched dress', 'dressPrice': '5000 PKR'}], 'relationship': 'Other', 'ageType': 'Adult'}]",Basket with ribbon,"{'personality': '1', 'experiencePreference': '4', 'handmadePreference': '4', 'budgetFlexibility': '5', 'stylePreference': '5', 'surpriseReaction': '5', 'connectionImportance': '5', 'noteImportance': '5', 'handmadeOverStore': '5', 'sharedMemoriesAppreciation': '5', 'relationshipCloseness': '5', 'uniqueGiftValue': '4', 'practicalOverSentimental': '2'}","{'helpful': 'Maybe', 'suggestion': ''}",2026-01-01 13:35:27.710000+00:00
1,"[{'gender': 'Male', 'knownDuration': '1–3 year', 'id': 1, 'occasion': ['Birthday'], 'ageGroup': '20–25', 'gifts': [{'type': 'Clothing', 'preferredStyle': ['Handmade & Crafted'], 'dressPieces': 'Two-piece', 'dressColors': ['Black'], 'dressType': 'Unstitched dress', 'dressPrice': '8000–10,000 PKR'}], 'relationship': 'Friend', 'ageType': 'Adult'}]",Basket with net,"{'personality': '5', 'experiencePreference': '5', 'handmadePreference': '5', 'budgetFlexibility': '5', 'stylePreference': 3, 'surpriseReaction': '5', 'connectionImportance': '5', 'noteImportance': '5', 'handmadeOverStore': '5', 'sharedMemoriesAppreciation': '5', 'relationshipCloseness': '4', 'uniqueGiftValue': '5', 'practicalOverSentimental': '4'}","{'helpful': 'Yes', 'suggestion': 'Nothing it was amazing❤️'}",2025-12-25 05:05:18.182000+00:00
2,"[{'gender': 'Male', 'knownDuration': '3–5 year', 'id': 1, 'occasion': ['Anniversary'], 'ageGroup': '20–25', 'gifts': [{'type': 'Clothing', 'preferredStyle': ['Quirky & Unique'], 'dressSize': 'L', 'maleDressStyle': 'Shalwar kameez', 'dressColors': ['Blue'], 'dressType': 'Stitched dress', 'dressPrice': '8000–10,000 PKR'}, {'type': 'Shoes', 'preferredStyle': ['Funny & Lighthearted'], 'shoePrice': '5000 PKR', 'shoeStyle': 'Formal shoes', 'shoeColor': 'Black', 'shoeSize': '40'}], 'relationship': 'Spouse', 'ageType': 'Adult'}, {'gender': 'Male', 'knownDuration': '5+ year', 'id': 2, 'occasion': ['Anniversary'], 'ageGroup': '25–35', 'gifts': [{'type': 'Wallet', 'preferredStyle': ['Quirky & Unique'], 'walletColor': 'Camel brown', 'walletEngraving': '', 'walletPrice': '5000–6000 PKR', 'walletStyle': 'Card wallets'}], 'relationship': 'Spouse', 'ageType': 'Adult'}]",Basket with ribbon,"{'personality': '1', 'experiencePreference': 3, 'handmadePreference': 3, 'budgetFlexibility': 3, 'stylePreference': 3, 'surpriseReaction': 3, 'connectionImportance': 3, 'noteImportance': 3, 'handmadeOverStore': 3, 'sharedMemoriesAppreciation': 3, 'relationshipCloseness': 3, 'uniqueGiftValue': 3, 'practicalOverSentimental': 3}","{'helpful': 'Yes', 'suggestion': ''}",2026-01-01 07:37:44.928000+00:00
1,"[{'gender': 'Female', 'knownDuration': '5+ year', 'id': 1, 'occasion': ['Birthday'], 'ageGroup': '20–25', 'gifts': [{'type': 'Clothing', 'preferredStyle': ['Handmade & Crafted'], 'dressPieces': 'Three-piece', 'dressColors': ['Purple'], 'dressType': 'Unstitched dress', 'dressPrice': '5000–8000 PKR'}], 'relationship': 'Close Family(Parent, Sibling, Child)', 'ageType': 'Adult'}]",Acrylic box,"{'personality': '5', 'experiencePreference': 3, 'handmadePreference': 3, 'budgetFlexibility': 3, 'stylePreference': 3, 'surpriseReaction': 3, 'connectionImportance': '5', 'noteImportance': 3, 'handmadeOverStore': 3, 'sharedMemoriesAppreciation': 3, 'relationshipCloseness': 3, 'uniqueGiftValue': 3, 'practicalOverSentimental': 3}","{'helpful': 'Maybe', 'suggestion': ''}",2025-12-24 12:51:48.451000+00:00
2,"[{'gender': 'Male', 'knownDuration': '5+ year', 'id': 1, 'occasion': ['Birthday'], 'ageGroup': '25–35', 'gifts': [{'type': 'Perfume', 'perfumeScent': 'Spicy', 'perfumePrice': '12,000–15,000 PKR'}], 'relationship': 'Close Family(Parent, Sibling, Child)', 'ageType': 'Adult'}, {'gender': 'Female', 'knownDuration': '5+ year', 'id': 2, 'occasion': ['Anniversary'], 'ageGroup': '16–20', 'gifts': [{'type': 'Edible Stuff', 'edibleQuantity': 2, 'flavours': {'Cake': 'Vanilla', 'Marshmellows': 'Caramel-filled'}, 'foodItems': ['Cake', 'Marshmellows'], 'ediblePrice': '1000–2000 PKR'}], 'relationship': 'Colleague/Professional', 'ageType': 'Adult'}]",Basket with net,"{'personality': '2', 'experiencePreference': '4', 'handmadePreference': '5', 'budgetFlexibility': '2', 'stylePreference': '2', 'surpriseReaction': '1', 'connectionImportance': '4', 'noteImportance': '2', 'handmadeOverStore': '4', 'sharedMemoriesAppreciation': '2', 'relationshipCloseness': '4', 'uniqueGiftValue': '2', 'practicalOverSentimental': '2'}","{'helpful': 'Maybe', 'suggestion': ''}",2025-12-23 21:34:35.959000+00:00
1,"[{'gender': 'Female', 'knownDuration': '1–3 year', 'id': 1, 'occasion': ['Anniversary'], 'ageGroup': '25–35', 'gifts': [{'type': 'Jewellery', 'preferredStyle': ['Handmade & Crafted'], 'jewelryColor': 'Gold', 'quantity': 1, 'jewelryStyle': 'Earrings', 'jewelryPrice': 'More than 5000 PKR'}], 'relationship': 'Spouse', 'ageType': 'Adult'}]",Acrylic box,"{'personality': '5', 'experiencePreference': 3, 'handmadePreference': 3, 'budgetFlexibility': '5', 'stylePreference': '1', 'surpriseReaction': '5', 'connectionImportance': '4', 'noteImportance': '5', 'handmadeOverStore': 3, 'sharedMemoriesAppreciation': 3, 'relationshipCloseness': '5', 'uniqueGiftValue': '5', 'practicalOverSentimental': '1'}","{'helpful': 'Yes', 'suggestion': ''}",2026-01-02 04:04:07.265000+00:00
1,"[{'gender': 'Female', 'knownDuration': '5+ year', 'id': 1, 'occasion': ['Birthday'], 'ageGroup': '20–25', 'gifts': [{'type': 'Jewellery', 'preferredStyle': ['Handmade & Crafted'], 'jewelryColor': 'Silver', 'quantity': 1, 'jewelryStyle': 'Earrings', 'jewelryPrice': 'More than 5000 PKR'}], 'relationship': 'Close Family(Parent, Sibling, Child)', 'ageType': 'Adult'}]",Simple box,"{'personality': '2', 'experiencePreference': '4', 'handmadePreference': 3, 'budgetFlexibility': 3, 'stylePreference': '2', 'surpriseReaction': '4', 'connectionImportance': '5', 'noteImportance': '4', 'handmadeOverStore': 3, 'sharedMemoriesAppreciation': '4', 'relationshipCloseness': '5', 'uniqueGiftValue': 3, 'practicalOverSentimental': '1'}","{'helpful': 'Maybe', 'suggestion': ''}",2026-04-08 05:20:54.941000+00:00
1,"[{'gender': 'Female', 'knownDuration': '5+ year', 'id': 1, 'occasion': ['Birthday'], 'ageGroup': '20–25', 'gifts': [{'type': 'Perfume', 'preferredStyle': ['Handmade & Crafted'], 'perfumeScent': 'Floral', 'perfumePrice': '7000–10,000 PKR'}], 'relationship': 'Close Family(Parent, Sibling, Child)', 'ageType': 'Adult'}]",Acrylic box,"{'personality': 3, 'experiencePreference': 3, 'handmadePreference': 3, 'budgetFlexibility': 3, 'stylePreference': 3, 'surpriseReaction': 3, 'connectionImportance': 3, 'noteImportance': 3, 'handmadeOverStore': 3, 'sharedMemoriesAppreciation': 3, 'relationshipCloseness': 3, 'uniqueGiftValue': 3, 'practicalOverSentimental': 3}","{'helpful': 'Yes', 'suggestion': ''}",2026-03-14 08:48:44.707000+00:00
1,"[{'gender': 'Male', 'relationship': 'Close Family(Parent, Sibling, Child)', 'id': 1, 'kidToyTypes': ['Tech/ Games'], 'kidDislikes': ['Noisy Toys'], 'occasion': ['Graduation'], 'ageGroup': '12–15', 'gifts': [{'type': 'Toys', 'kidBudget': '3500 PKR'}], 'knownDuration': '', 'ageType': 'Kid'}]",Acrylic box,"{'personality': 3, 'experiencePreference': 3, 'handmadePreference': 3, 'budgetFlexibility': 3, 'stylePreference': 3, 'surpriseReaction': 3, 'connectionImportance': 3, 'noteImportance': 3, 'handmadeOverStore': 3, 'sharedMemoriesAppreciation': 3, 'relationshipCloseness': 3, 'uniqueGiftValue': 3, 'practicalOverSentimental': 3}","{'helpful': '', 'suggestion': ''}",2026-03-14 13:15:21.179000+00:00
6,"[{'gender': 'Female', 'knownDuration': '5+ year', 'id': 1, 'occasion': ['Birthday'], 'ageGroup': '20–25', 'gifts': [{'type': 'Clothing', 'preferredStyle': ['Quirky & Unique'], 'femaleDressStyle': 'Shirt', 'dressSize': 'M', 'dressColors': ['Maroon'], 'dressType': 'Stitched dress', 'dressPrice': '8000–10,000 PKR'}, {'type': 'Shoes', 'preferredStyle': ['Quirky & Unique'], 'shoePrice': '5000 PKR', 'shoeStyle': 'Heels', 'shoeColor': 'Black', 'shoeSize': '37'}], 'relationship': 'Friend', 'ageType': 'Adult'}, {'gender': 'Female', 'knownDuration': '5+ year', 'id': 2, 'occasion': ['Wedding/Engagement gift'], 'ageGroup': '20–25', 'gifts': [{'type': 'Clothing', 'preferredStyle': ['Quirky & Unique'], 'femaleDressStyle': 'Shirt', 'dressSize': 'M', 'dressColors': ['Maroon'], 'dressType': 'Stitched dress', 'dressPrice': '8000–10,000 PKR'}, {'type': 'Shoes', 'preferredStyle': ['Quirky & Unique'], 'shoePrice': '5000 PKR', 'shoeStyle': 'Heels', 'shoeColor': 'Black', 'shoeSize': '37'}, {'type': 'Jewellery', 'preferredStyle': ['Quirky & Unique'], 'jewelryColor': 'Silver', 'quantity': 2, 'jewelryStyle': 'Rings', 'jewelryPrice': '2000–3000 PKR'}], 'relationship': 'Friend', 'ageType': 'Adult'}, {'gender': 'Female', 'knownDuration': '5+ year', 'id': 3, 'occasion': ['Wedding/Engagement gift'], 'ageGroup': '20–25', 'gifts': [{'type': 'Jewellery', 'preferredStyle': ['Funny & Lighthearted'], 'jewelryColor': 'Silver', 'quantity': 2, 'jewelryStyle': 'Pendant', 'jewelryPrice': '1000–2000 PKR'}, {'type': 'Perfume', 'preferredStyle': ['Quirky & Unique'], 'perfumeScent': 'Floral', 'perfumePrice': '5000 PKR'}], 'relationship': 'Close Family(Parent, Sibling, Child)', 'ageType': 'Adult'}, {'gender': 'Female', 'knownDuration': '5+ year', 'id': 4, 'occasion': ['Wedding/Engagement gift'], 'ageGroup': '25–35', 'gifts': [{'type': 'Edible Stuff', 'preferredStyle': ['Quirky & Unique'], 'edibleQuantity': 2, 'flavours': {'Snacks': 'Spicy Chili', 'Brownie': 'Red Velvet Brownie'}, 'foodItems': ['Brownie', 'Snacks'], 'ediblePrice': '1000 PKR'}], 'relationship': 'Friend', 'ageType': 'Adult'}, {'gender': 'Female', 'knownDuration': '5+ year', 'id': 5, 'occasion': ['Anniversary'], 'ageGroup': '20–25', 'gifts': [{'type': 'Makeup Products', 'preferredStyle': ['Handmade & Crafted'], 'makeupPrice': '4000–5000 PKR', 'makeupItem': 'Foundation'}], 'relationship': 'Spouse', 'ageType': 'Adult'}, {'gender': 'Female', 'knownDuration': '5+ year', 'id': 6, 'occasion': ['Other'], 'ageGroup': '20–25', 'gifts': [{'type': 'Jewellery', 'preferredStyle': ['Quirky & Unique'], 'jewelryColor': 'Silver', 'quantity': 2, 'jewelryStyle': 'Bracelet', 'jewelryPrice': '3000–4000 PKR'}], 'relationship': 'Close Family(Parent, Sibling, Child)', 'ageType': 'Adult'}]",Basket with ribbon,"{'personality': '3', 'experiencePreference': '2', 'handmadePreference': '3', 'budgetFlexibility': '1', 'stylePreference': '4', 'surpriseReaction': '5', 'connectionImportance': '4', 'noteImportance': '1', 'handmadeOverStore': '5', 'sharedMemoriesAppreciation': '5', 'relationshipCloseness': '5', 'uniqueGiftValue': '4', 'practicalOverSentimental': '5'}","{'helpful': 'Maybe', 'suggestion': 'Yes my friend she is personal for me '}",2026-03-14 00:31:24.287000+00:00
1,"[{'gender': 'Male', 'knownDuration': '5+ year', 'id': 1, 'occasion': ['Anniversary'], 'ageGroup': 'More than 35 years', 'gifts': [{'type': 'Shoes', 'preferredStyle': ['Handmade & Crafted'], 'shoePrice': '10,000–15,000 PKR', 'shoeStyle': 'Loafers', 'shoeColor': 'Light brown', 'shoeSize': '40'}], 'relationship': 'Close Family(Parent, Sibling, Child)', 'ageType': 'Adult'}]",Basket with ribbon,"{'personality': '4', 'experiencePreference': '4', 'handmadePreference': '4', 'budgetFlexibility': 3, 'stylePreference': 3, 'surpriseReaction': '4', 'connectionImportance': '4', 'noteImportance': 3, 'handmadeOverStore': 3, 'sharedMemoriesAppreciation': 3, 'relationshipCloseness': '5', 'uniqueGiftValue': 3, 'practicalOverSentimental': '5'}","{'helpful': 'Maybe', 'suggestion': 'I guess it’s a bit long questionnaire for a gift but everything look fine keep it up'}",2026-03-14 06:31:48.843000+00:00
1,"[{'gender': 'Male', 'knownDuration': '5+ year', 'id': 1, 'occasion': ['Birthday'], 'ageGroup': '25–35', 'gifts': [{'type': 'Shoes', 'preferredStyle': ['Funny & Lighthearted'], 'shoePrice': '20,000–25,000 PKR', 'shoeStyle': 'Formal shoes', 'shoeColor': 'Black', 'shoeSize': '41'}], 'relationship': 'Close Family(Parent, Sibling, Child)', 'ageType': 'Adult'}]",Basket with ribbon,"{'personality': 3, 'experiencePreference': 3, 'handmadePreference': 3, 'budgetFlexibility': 3, 'stylePreference': 3, 'surpriseReaction': 3, 'connectionImportance': 3, 'noteImportance': 3, 'handmadeOverStore': 3, 'sharedMemoriesAppreciation': 3, 'relationshipCloseness': 3, 'uniqueGiftValue': 3, 'practicalOverSentimental': 3}","{'helpful': '', 'suggestion': ''}",2026-02-06 14:09:26.042000+00:00
1,"[{'gender': 'Female', 'knownDuration': '5+ year', 'id': 1, 'occasion': ['Birthday'], 'ageGroup': '20–25', 'gifts': [{'type': 'Perfume', 'preferredStyle': ['Funny & Lighthearted'], 'perfumeScent': 'Floral', 'perfumePrice': '5000–7000 PKR'}], 'relationship': 'Friend', 'ageType': 'Adult'}]",Basket with ribbon,"{'personality': 3, 'experiencePreference': 3, 'handmadePreference': 3, 'budgetFlexibility': 3, 'stylePreference': 3, 'surpriseReaction': 3, 'connectionImportance': 3, 'noteImportance': 3, 'handmadeOverStore': 3, 'sharedMemoriesAppreciation': 3, 'relationshipCloseness': 3, 'uniqueGiftValue': 3, 'practicalOverSentimental': 3}","{'helpful': 'Yes', 'suggestion': ''}",2026-04-04 20:54:31.214000+00:00
10,"[{'gender': 'Female', 'knownDuration': '5+ year', 'id': 1, 'occasion': ['Birthday', 'Wedding/Engagement gift', 'Other'], 'ageGroup': '20–25', 'gifts': [{'type': 'Clothing', 'preferredStyle': ['Handmade & Crafted', 'Funny & Lighthearted'], 'dressPieces': 'Two-piece', 'dressColors': ['Black', 'Purple', 'Red', 'Blue'], 'dressType': 'Unstitched dress', 'dressPrice': '5000 PKR'}], 'relationship': 'Close Family(Parent, Sibling, Child)', 'ageType': 'Adult'}, {'gender': 'Female', 'knownDuration': '5+ year', 'id': 2, 'occasion': ['Birthday', 'Wedding/Engagement gift', 'Thank you gift'], 'ageGroup': '20–25', 'gifts': [{'type': 'Bag/Wallet', 'preferredStyle': ['Handmade & Crafted'], 'walletColor': 'Blue', 'walletPrice': '3000–5000 PKR', 'walletStyle': 'Handbags'}], 'relationship': 'Close Family(Parent, Sibling, Child)', 'ageType': 'Adult'}, {'gender': 'Female', 'knownDuration': '1–3 year', 'id': 3, 'occasion': ['Anniversary', 'Graduation'], 'ageGroup': '20–25', 'gifts': [{'type': 'Jewellery', 'preferredStyle': ['Funny & Lighthearted'], 'jewelryColor': 'Gold', 'quantity': 1, 'jewelryStyle': 'Rings', 'jewelryPrice': '2000–3000 PKR'}], 'relationship': 'Close Family(Parent, Sibling, Child)', 'ageType': 'Adult'}, {'gender': 'Female', 'knownDuration': '3–5 year', 'id': 4, 'occasion': ['Get well soon'], 'ageGroup': '20–25', 'gifts': [{'type': 'Perfume', 'preferredStyle': ['Funny & Lighthearted'], 'perfumeScent': 'Floral', 'perfumePrice': '5000 PKR'}], 'relationship': 'Close Family(Parent, Sibling, Child)', 'ageType': 'Adult'}, {'gender': 'Female', 'knownDuration': '5+ year', 'id': 5, 'occasion': ['Birthday'], 'ageGroup': '20–25', 'gifts': [{'type': 'Makeup Products', 'preferredStyle': ['Funny & Lighthearted'], 'makeupPrice': '5000–6000 PKR', 'makeupItem': 'Lip gloss'}], 'relationship': 'Close Family(Parent, Sibling, Child)', 'ageType': 'Adult'}, {'gender': 'Female', 'knownDuration': '5+ year', 'id': 6, 'occasion': ['Wedding/Engagement gift'], 'ageGroup': '20–25', 'gifts': [{'type': 'Jewellery', 'preferredStyle': ['Funny & Lighthearted'], 'jewelryColor': 'Gold', 'quantity': 1, 'jewelryStyle': 'Jhumkis', 'jewelryPrice': '4000–5000 PKR'}], 'relationship': 'Friend', 'ageType': 'Adult'}, {'gender': 'Female', 'knownDuration': '1–3 year', 'id': 7, 'occasion': ['Graduation'], 'ageGroup': '25–35', 'gifts': [{'type': 'Bag/Wallet', 'preferredStyle': ['Funny & Lighthearted'], 'walletColor': 'Blue', 'walletPrice': '5000–10,000 PKR', 'walletStyle': 'Clutch'}], 'relationship': 'Friend', 'ageType': 'Adult'}, {'gender': 'Female', 'knownDuration': '5+ year', 'id': 8, 'occasion': ['Anniversary'], 'ageGroup': '20–25', 'gifts': [{'type': 'Edible Stuff', 'preferredStyle': ['Funny & Lighthearted'], 'edibleQuantity': 1, 'flavours': {'Chocolates': 'Milk Chocolate'}, 'foodItems': ['Chocolates'], 'ediblePrice': '3000–4000 PKR'}], 'relationship': 'Close Family(Parent, Sibling, Child)', 'ageType': 'Adult'}, {'gender': 'Female', 'knownDuration': '3–5 year', 'id': 9, 'occasion': ['Thank you gift'], 'ageGroup': '25–35', 'gifts': [{'type': 'Perfume', 'preferredStyle': ['Handmade & Crafted'], 'perfumeScent': 'Sweet', 'perfumePrice': '5000 PKR'}], 'relationship': 'Friend', 'ageType': 'Adult'}, {'gender': 'Female', 'knownDuration': '5+ year', 'id': 10, 'occasion': ['Wedding/Engagement gift'], 'ageGroup': '20–25', 'gifts': [{'type': 'Shoes', 'preferredStyle': ['Handmade & Crafted'], 'shoePrice': '5000 PKR', 'shoeStyle': 'Sandals', 'shoeColor': 'Black', 'shoeSize': '41'}], 'relationship': 'Friend', 'ageType': 'Adult'}]",Basket with ribbon,"{'personality': 3, 'experiencePreference': 3, 'handmadePreference': 3, 'budgetFlexibility': 3, 'stylePreference': 3, 'surpriseReaction': 3, 'connectionImportance': 3, 'noteImportance': 3, 'handmadeOverStore': 3, 'sharedMemoriesAppreciation': 3, 'relationshipCloseness': 3, 'uniqueGiftValue': 3, 'practicalOverSentimental': 3}","{'helpful': 'Maybe', 'suggestion': 'Nothing'}",2026-04-08 05:24:55.400000+00:00
1,"[{'gender': 'Female', 'knownDuration': '', 'id': 1, 'kidToyTypes': ['Tech/ Games'], 'kidDislikes': ['Electronic Gadgets'], 'occasion': ['Birthday'], 'ageGroup': '3–6', 'gifts': [{'type': 'Toys', 'kidBudget': '3500 – 5500 PKR'}], 'relationship': 'Close Family(Parent, Sibling, Child)', 'ageType': 'Kid'}]",Basket with ribbon,"{'personality': '5', 'experiencePreference': 3, 'handmadePreference': '4', 'budgetFlexibility': '4', 'stylePreference': 3, 'surpriseReaction': '5', 'connectionImportance': '4', 'noteImportance': '4', 'handmadeOverStore': '4', 'sharedMemoriesAppreciation': '4', 'relationshipCloseness': '5', 'uniqueGiftValue': '5', 'practicalOverSentimental': 3}","{'helpful': 'Yes', 'suggestion': 'Nothing '}",2026-04-08 05:19:47.788000+00:00
1,"[{'gender': 'Female', 'knownDuration': '1–3 year', 'id': 1, 'occasion': ['Anniversary'], 'ageGroup': '20–25', 'gifts': [{'type': 'Jewellery', 'preferredStyle': ['Quirky & Unique'], 'jewelryColor': 'Silver', 'quantity': 1, 'jewelryStyle': 'Chokr', 'jewelryPrice': 'More than 5000 PKR'}], 'relationship': 'Colleague/Professional', 'ageType': 'Adult'}]",Acrylic box,"{'personality': 3, 'experiencePreference': 3, 'handmadePreference': 3, 'budgetFlexibility': 3, 'stylePreference': 3, 'surpriseReaction': 3, 'connectionImportance': 3, 'noteImportance': 3, 'handmadeOverStore': 3, 'sharedMemoriesAppreciation': 3, 'relationshipCloseness': 3, 'uniqueGiftValue': 3, 'practicalOverSentimental': 3}","{'helpful': 'Maybe', 'suggestion': ''}",2026-04-05 22:32:58.114000+00:00
3,"[{'gender': 'Male', 'knownDuration': '5+ year', 'id': 1, 'occasion': ['Wedding/Engagement gift'], 'ageGroup': '20–25', 'gifts': [{'type': 'Shoes', 'preferredStyle': ['Handmade & Crafted'], 'shoePrice': '5000–10,000 PKR', 'shoeStyle': 'Peshawari style', 'shoeColor': 'Brown', 'shoeSize': '42'}], 'relationship': 'Friend', 'ageType': 'Adult'}, {'gender': 'Male', 'knownDuration': '5+ year', 'id': 2, 'occasion': ['Thank you gift'], 'ageGroup': '20–25', 'gifts': [{'type': 'Clothing', 'preferredStyle': ['Handmade & Crafted'], 'dressPieces': 'One-piece', 'dressColors': ['Maroon'], 'dressType': 'Unstitched dress', 'dressPrice': '5000 PKR'}], 'relationship': 'Friend', 'ageType': 'Adult'}, {'gender': 'Male', 'knownDuration': '5+ year', 'id': 3, 'occasion': ['Get well soon'], 'ageGroup': '20–25', 'gifts': [{'type': 'Perfume', 'preferredStyle': ['Handmade & Crafted'], 'perfumeScent': 'Spicy', 'perfumePrice': '5000 PKR'}], 'relationship': 'Friend', 'ageType': 'Adult'}]",Basket with ribbon,"{'personality': '5', 'experiencePreference': '5', 'handmadePreference': '5', 'budgetFlexibility': '5', 'stylePreference': '5', 'surpriseReaction': '5', 'connectionImportance': '5', 'noteImportance': '5', 'handmadeOverStore': '5', 'sharedMemoriesAppreciation': '5', 'relationshipCloseness': '5', 'uniqueGiftValue': '5', 'practicalOverSentimental': '5'}","{'helpful': 'Yes', 'suggestion': ''}",2026-04-08 12:24:20.142000+00:00
1,"[{'gender': 'Female', 'knownDuration': '1–3 year', 'id': 1, 'occasion': ['Birthday'], 'ageGroup': '20–25', 'gifts': [{'type': 'Bag/Wallet', 'preferredStyle': ['Quirky & Unique'], 'walletColor': 'Black', 'walletPrice': '10,000–15,000 PKR', 'walletStyle': 'Handbags'}], 'relationship': 'Friend', 'ageType': 'Adult'}]",Acrylic box,"{'personality': 3, 'experiencePreference': '5', 'handmadePreference': '4', 'budgetFlexibility': '4', 'stylePreference': 3, 'surpriseReaction': '5', 'connectionImportance': '5', 'noteImportance': '5', 'handmadeOverStore': '4', 'sharedMemoriesAppreciation': '5', 'relationshipCloseness': '5', 'uniqueGiftValue': '5', 'practicalOverSentimental': '4'}","{'helpful': 'Yes', 'suggestion': ''}",2026-03-14 00:10:36.153000+00:00
1,"[{'gender': 'Male', 'knownDuration': '1–3 year', 'id': 1, 'occasion': ['Birthday'], 'ageGroup': '16–20', 'gifts': [{'type': 'Perfume', 'preferredStyle': ['Funny & Lighthearted', 'Quirky & Unique'], 'perfumeScent': 'Spicy', 'perfumePrice': '5000 PKR'}], 'relationship': 'Friend', 'ageType': 'Adult'}]",Simple box,"{'personality': '4', 'experiencePreference': 3, 'handmadePreference': '4', 'budgetFlexibility': 3, 'stylePreference': '3', 'surpriseReaction': '3', 'connectionImportance': '5', 'noteImportance': 3, 'handmadeOverStore': 3, 'sharedMemoriesAppreciation': 3, 'relationshipCloseness': '4', 'uniqueGiftValue': '4', 'practicalOverSentimental': '4'}","{'helpful': 'Yes', 'suggestion': 'Nothing really everything was very well defined and nothing was overlooked'}",2026-04-08 05:19:21.298000+00:00
1,"[{'gender': 'Male', 'knownDuration': '5+ year', 'id': 1, 'occasion': ['Wedding/Engagement gift', 'Get well soon'], 'ageGroup': 'More than 35 years', 'gifts': [{'type': 'Perfume', 'preferredStyle': ['Funny & Lighthearted'], 'perfumeScent': 'Floral', 'perfumePrice': '5000–7000 PKR'}], 'relationship': 'Close Family(Parent, Sibling, Child)', 'ageType': 'Adult'}]",Basket with ribbon,"{'personality': '5', 'experiencePreference': '5', 'handmadePreference': '5', 'budgetFlexibility': '2', 'stylePreference': 3, 'surpriseReaction': '4', 'connectionImportance': '5', 'noteImportance': '5', 'handmadeOverStore': '5', 'sharedMemoriesAppreciation': '5', 'relationshipCloseness': '5', 'uniqueGiftValue': '4', 'practicalOverSentimental': '4'}","{'helpful': 'Yes', 'suggestion': 'It looks complete. No suggestions '}",2026-01-01 17:48:16.533000+00:00
7,"[{'gender': 'Male', 'knownDuration': '5+ year', 'id': 1, 'occasion': ['Birthday'], 'ageGroup': 'More than 35 years', 'gifts': [{'type': 'Jewellery', 'preferredStyle': ['Funny & Lighthearted'], 'jewelryColor': 'Gold', 'quantity': 3, 'jewelryStyle': 'Bracelet', 'jewelryPrice': '3000–4000 PKR'}, {'type': 'Wallet', 'preferredStyle': ['Funny & Lighthearted'], 'walletColor': 'Camel brown', 'walletEngraving': 'S', 'walletPrice': '6000–8000 PKR', 'walletStyle': 'Card wallets'}], 'relationship': 'Close Family(Parent, Sibling, Child)', 'ageType': 'Adult'}, {'gender': 'Female', 'knownDuration': '5+ year', 'id': 2, 'occasion': ['Other'], 'ageGroup': '20–25', 'gifts': [{'type': 'Bag/Wallet', 'preferredStyle': ['Quirky & Unique'], 'walletColor': 'Blue', 'walletPrice': '5000–10,000 PKR', 'walletStyle': 'Mini wallets'}, {'type': 'Edible Stuff', 'preferredStyle': ['Funny & Lighthearted'], 'edibleQuantity': 2, 'flavours': {'Popcorns': 'Butter', 'Cake': 'Chocolate'}, 'foodItems': ['Cake', 'Popcorns'], 'ediblePrice': '1000 PKR'}], 'relationship': 'Extended Family (Aunt, Uncle, Cousin)', 'ageType': 'Adult'}, {'gender': 'Male', 'knownDuration': '5+ year', 'id': 3, 'occasion': ['Wedding/Engagement gift'], 'ageGroup': '25–35', 'gifts': [{'type': 'Perfume', 'preferredStyle': ['Handmade & Crafted'], 'perfumeScent': 'Floral', 'perfumePrice': '7000–10,000 PKR'}, {'type': 'Clothing', 'preferredStyle': ['Quirky & Unique'], 'dressSize': 'L', 'maleDressStyle': 'Kurta', 'dressColors': ['Red', 'Green'], 'dressType': 'Stitched dress', 'dressPrice': '8000–10,000 PKR'}], 'relationship': 'Extended Family (Aunt, Uncle, Cousin)', 'ageType': 'Adult'}, {'gender': 'Female', 'knownDuration': '3–5 year', 'id': 4, 'occasion': ['Thank you gift'], 'ageGroup': '20–25', 'gifts': [{'type': 'Makeup Products', 'preferredStyle': ['Funny & Lighthearted'], 'makeupPrice': '4000–5000 PKR', 'makeupItem': 'Eyebrow kit'}], 'relationship': 'Colleague/Professional', 'ageType': 'Adult'}, {'gender': 'Male', 'knownDuration': '3–5 year', 'id': 5, 'occasion': ['Graduation'], 'ageGroup': '20–25', 'gifts': [{'type': 'Clothing', 'preferredStyle': ['Funny & Lighthearted'], 'dressSize': 'M', 'maleDressStyle': 'Waistcoats', 'dressColors': ['White'], 'dressType': 'Stitched dress', 'dressPrice': '5000 PKR'}], 'relationship': 'Friend', 'ageType': 'Adult'}, {'gender': 'Female', 'knownDuration': '1–3 year', 'id': 6, 'occasion': ['Graduation'], 'ageGroup': '25–35', 'gifts': [{'type': 'Perfume', 'preferredStyle': ['Funny & Lighthearted'], 'perfumeScent': 'Spicy', 'perfumePrice': '7000–10,000 PKR'}], 'relationship': 'Friend', 'ageType': 'Adult'}, {'gender': 'Male', 'knownDuration': '', 'id': 7, 'kidToyTypes': ['Other'], 'kidDislikes': ['Other'], 'occasion': ['Other'], 'ageGroup': 'Less than a year', 'gifts': [{'type': 'Toys', 'kidBudget': '3500 – 5500 PKR'}], 'relationship': 'Other', 'ageType': 'Kid'}]",Basket with ribbon,"{'personality': '5', 'experiencePreference': '5', 'handmadePreference': '5', 'budgetFlexibility': '5', 'stylePreference': '5', 'surpriseReaction': '5', 'connectionImportance': '5', 'noteImportance': '5', 'handmadeOverStore': '5', 'sharedMemoriesAppreciation': '5', 'relationshipCloseness': '5', 'uniqueGiftValue': '5', 'practicalOverSentimental': '5'}","{'helpful': 'Maybe', 'suggestion': ''}",2025-12-28 12:56:32.057000+00:00
5,"[{'gender': 'Male', 'knownDuration': '1–3 year', 'id': 1, 'occasion': ['Thank you gift'], 'ageGroup': '16–20', 'gifts': [{'type': 'Perfume', 'preferredStyle': ['Handmade & Crafted'], 'perfumeScent': 'Floral', 'perfumePrice': '5000 PKR'}, {'type': 'Wallet', 'preferredStyle': ['Quirky & Unique'], 'walletColor': 'Black', 'walletPrice': '3000–5000 PKR', 'walletStyle': 'Card wallets'}], 'relationship': 'Friend', 'ageType': 'Adult'}, {'gender': 'Female', 'knownDuration': '5+ year', 'id': 2, 'occasion': ['Birthday'], 'ageGroup': '20–25', 'gifts': [{'type': 'Jewellery', 'preferredStyle': ['Funny & Lighthearted'], 'jewelryColor': 'Silver', 'quantity': 1, 'jewelryStyle': 'Pendant', 'jewelryPrice': '1000–2000 PKR'}, {'type': 'Makeup Products', 'preferredStyle': ['Funny & Lighthearted'], 'makeupPrice': '1000–3000 PKR', 'makeupItem': 'Face Mask (skincare)'}], 'relationship': 'Close Family(Parent, Sibling, Child)', 'ageType': 'Adult'}, {'gender': 'Female', 'knownDuration': 'Less than a year', 'id': 3, 'occasion': ['Graduation'], 'ageGroup': '20–25', 'gifts': [{'type': 'Edible Stuff', 'preferredStyle': ['Funny & Lighthearted'], 'edibleQuantity': 1, 'flavours': {'Chocolates': 'Hazelnut'}, 'foodItems': ['Chocolates'], 'ediblePrice': '1000 PKR'}], 'relationship': 'Friend', 'ageType': 'Adult'}, {'gender': 'Male', 'knownDuration': '3–5 year', 'id': 4, 'occasion': ['Anniversary'], 'ageGroup': '25–35', 'gifts': [{'type': 'Clothing', 'preferredStyle': ['Quirky & Unique'], 'dressSize': 'L', 'maleDressStyle': 'Kurta', 'dressColors': ['Maroon', 'White'], 'dressType': 'Stitched dress', 'dressPrice': '5000 PKR'}], 'relationship': 'Close Family(Parent, Sibling, Child)', 'ageType': 'Adult'}, {'gender': 'Female', 'knownDuration': '', 'id': 5, 'kidToyTypes': ['Arts & Crafts', 'Outdoor/ Sports'], 'kidDislikes': ['Labubu Dolls'], 'occasion': ['Birthday'], 'ageGroup': '3–6', 'gifts': [{'type': 'Toys', 'kidBudget': '3500 PKR'}], 'relationship': 'Close Family(Parent, Sibling, Child)', 'ageType': 'Kid'}]",Basket with net,"{'personality': '2', 'experiencePreference': '2', 'handmadePreference': '4', 'budgetFlexibility': 3, 'stylePreference': '3', 'surpriseReaction': '5', 'connectionImportance': '5', 'noteImportance': '5', 'handmadeOverStore': '5', 'sharedMemoriesAppreciation': 3, 'relationshipCloseness': 3, 'uniqueGiftValue': '5', 'practicalOverSentimental': '4'}","{'helpful': 'Yes', 'suggestion': ''}",2026-01-01 11:19:38.737000+00:00
1,"[{'gender': 'Female', 'knownDuration': '5+ year', 'id': 1, 'occasion': ['Anniversary'], 'ageGroup': '20–25', 'gifts': [{'type': 'Perfume', 'preferredStyle': ['Handmade & Crafted'], 'perfumeScent': 'Floral', 'perfumePrice': '7000–10,000 PKR'}], 'relationship': 'Spouse', 'ageType': 'Adult'}]",Basket with net,"{'personality': 3, 'experiencePreference': 3, 'handmadePreference': 3, 'budgetFlexibility': 3, 'stylePreference': 3, 'surpriseReaction': 3, 'connectionImportance': 3, 'noteImportance': 3, 'handmadeOverStore': 3, 'sharedMemoriesAppreciation': 3, 'relationshipCloseness': 3, 'uniqueGiftValue': 3, 'practicalOverSentimental': 3}","{'helpful': 'Yes', 'suggestion': ''}",2026-04-05 14:13:40.560000+00:00
5,"[{'gender': 'Male', 'knownDuration': '5+ year', 'id': 1, 'occasion': ['Anniversary', 'Wedding/Engagement gift'], 'ageGroup': '25–35', 'gifts': [{'type': 'Clothing', 'preferredStyle': ['Quirky & Unique'], 'dressSize': 'L', 'maleDressStyle': 'Shalwar kameez', 'dressColors': ['Blue'], 'dressType': 'Stitched dress', 'dressPrice': '5000–8000 PKR'}, {'type': 'Wallet', 'preferredStyle': ['Handmade & Crafted'], 'walletColor': 'Camel brown', 'walletEngraving': 'Ahmar Jannat', 'walletPrice': '5000–6000 PKR', 'walletStyle': 'Bifold wallets'}, {'type': 'Edible Stuff', 'preferredStyle': ['Funny & Lighthearted'], 'edibleQuantity': 4, 'flavours': {'Popcorns': 'Spicy', 'Snacks': 'Barbecue', 'Chocolates': 'White Chocolate'}, 'foodItems': ['Chocolates', 'Snacks', 'Popcorns', 'Cola cans'], 'ediblePrice': '4000–5000 PKR'}, {'type': 'Shoes', 'preferredStyle': ['Quirky & Unique'], 'shoePrice': '10,000–15,000 PKR', 'shoeStyle': 'Peshawari style', 'shoeColor': 'Brown', 'shoeSize': '43'}, {'type': 'Perfume', 'preferredStyle': ['Handmade & Crafted'], 'perfumeScent': 'Floral', 'perfumePrice': '5000–7000 PKR'}], 'relationship': 'Spouse', 'ageType': 'Adult'}, {'gender': 'Male', 'knownDuration': '5+ year', 'id': 2, 'occasion': ['Birthday'], 'ageGroup': '25–35', 'gifts': [{'type': 'Shoes', 'preferredStyle': ['Handmade & Crafted'], 'shoePrice': '20,000–25,000 PKR', 'shoeStyle': 'Sandals', 'shoeColor': 'Black', 'shoeSize': '44'}], 'relationship': 'Spouse', 'ageType': 'Adult'}, {'gender': 'Male', 'knownDuration': '5+ year', 'id': 3, 'occasion': ['Thank you gift'], 'ageGroup': '25–35', 'gifts': [{'type': 'Wallet', 'preferredStyle': ['Handmade & Crafted'], 'walletColor': 'Black', 'walletEngraving': 'Thanks dear', 'walletPrice': '3000–5000 PKR', 'walletStyle': 'Card wallets'}], 'relationship': 'Spouse', 'ageType': 'Adult'}, {'gender': 'Female', 'knownDuration': '5+ year', 'id': 4, 'occasion': ['Get well soon'], 'ageGroup': 'More than 35 years', 'gifts': [{'type': 'Bag/Wallet', 'preferredStyle': ['Handmade & Crafted'], 'walletColor': 'Blue', 'walletEngraving': 'Love you Ami jan', 'walletPrice': '10,000–15,000 PKR', 'walletStyle': 'Clutch'}, {'type': 'Clothing', 'preferredStyle': ['Quirky & Unique'], 'dressPieces': 'Three-piece', 'dressColors': ['Purple'], 'dressType': 'Unstitched dress', 'dressPrice': '10,000–15,000 PKR'}], 'relationship': 'Close Family(Parent, Sibling, Child)', 'ageType': 'Adult'}, {'gender': 'Female', 'knownDuration': '5+ year', 'id': 5, 'occasion': ['Graduation'], 'ageGroup': '20–25', 'gifts': [{'type': 'Clothing', 'preferredStyle': ['Funny & Lighthearted'], 'femaleDressStyle': 'Gown', 'dressSize': 'S', 'dressColors': ['Black'], 'dressType': 'Stitched dress', 'dressPrice': '5000–8000 PKR'}], 'relationship': 'Close Family(Parent, Sibling, Child)', 'ageType': 'Adult'}]",Basket with net,"{'personality': 3, 'experiencePreference': 3, 'handmadePreference': 3, 'budgetFlexibility': 3, 'stylePreference': 3, 'surpriseReaction': 3, 'connectionImportance': 3, 'noteImportance': 3, 'handmadeOverStore': 3, 'sharedMemoriesAppreciation': '4', 'relationshipCloseness': '4', 'uniqueGiftValue': 3, 'practicalOverSentimental': 3}","{'helpful': 'Yes', 'suggestion': ''}",2026-03-14 14:51:09.888000+00:00
1,"[{'gender': 'Female', 'knownDuration': 'Less than a year', 'id': 1, 'occasion': ['Get well soon'], 'ageGroup': '16–20', 'gifts': [{'type': 'Jewellery', 'preferredStyle': ['Funny & Lighthearted'], 'jewelryColor': 'Gold', 'quantity': 1, 'jewelryStyle': 'Pendant', 'jewelryPrice': 'More than 5000 PKR'}], 'relationship': 'Spouse', 'ageType': 'Adult'}]",Simple box,"{'personality': 3, 'experiencePreference': 3, 'handmadePreference': 3, 'budgetFlexibility': 3, 'stylePreference': 3, 'surpriseReaction': 3, 'connectionImportance': 3, 'noteImportance': 3, 'handmadeOverStore': 3, 'sharedMemoriesAppreciation': 3, 'relationshipCloseness': 3, 'uniqueGiftValue': 3, 'practicalOverSentimental': 3}","{'helpful': 'Yes', 'suggestion': ''}",2026-04-05 14:19:51.559000+00:00
1,"[{'gender': 'Male', 'knownDuration': '5+ year', 'id': 1, 'occasion': ['Get well soon'], 'ageGroup': 'More than 35 years', 'gifts': [{'type': 'Edible Stuff', 'preferredStyle': ['Handmade & Crafted'], 'edibleQuantity': 1, 'flavours': {'Chocolates': 'Milk Chocolate'}, 'foodItems': ['Chocolates'], 'ediblePrice': '6000–7000 PKR'}], 'relationship': 'Colleague/Professional', 'ageType': 'Adult'}]",Simple box,"{'personality': 3, 'experiencePreference': 3, 'handmadePreference': 3, 'budgetFlexibility': 3, 'stylePreference': 3, 'surpriseReaction': 3, 'connectionImportance': 3, 'noteImportance': 3, 'handmadeOverStore': '5', 'sharedMemoriesAppreciation': '4', 'relationshipCloseness': 3, 'uniqueGiftValue': 3, 'practicalOverSentimental': 3}","{'helpful': 'Yes', 'suggestion': ''}",2026-04-04 20:47:41.948000+00:00
1,"[{'gender': 'Female', 'knownDuration': '1–3 year', 'id': 1, 'occasion': ['Birthday'], 'ageGroup': '20–25', 'gifts': [{'type': 'Jewellery', 'preferredStyle': ['Handmade & Crafted'], 'jewelryColor': 'Silver', 'quantity': 1, 'jewelryStyle': 'Earrings', 'jewelryPrice': '4000–5000 PKR'}, {'type': 'Perfume', 'preferredStyle': ['Quirky & Unique'], 'perfumeScent': 'Sweet', 'perfumePrice': '5000–7000 PKR'}, {'type': 'Clothing', 'preferredStyle': ['Quirky & Unique'], 'femaleDressStyle': 'Shirt', 'dressSize': 'L', 'dressColors': ['Black', 'Maroon', 'Purple'], 'dressType': 'Stitched dress', 'dressPrice': '5000–8000 PKR'}, {'type': 'Bag/Wallet', 'preferredStyle': ['Quirky & Unique'], 'walletColor': 'Blue', 'walletPrice': '5000–10,000 PKR', 'walletStyle': 'Handbags'}, {'type': 'Edible Stuff', 'preferredStyle': ['Funny & Lighthearted'], 'edibleQuantity': 1, 'flavours': {'Chocolates': 'Dark Chocolate'}, 'foodItems': ['Chocolates'], 'ediblePrice': '1000–2000 PKR'}], 'relationship': 'Friend', 'ageType': 'Adult'}]",Basket with net,"{'personality': '4', 'experiencePreference': '5', 'handmadePreference': '4', 'budgetFlexibility': '5', 'stylePreference': '4', 'surpriseReaction': '5', 'connectionImportance': '5', 'noteImportance': '5', 'handmadeOverStore': '5', 'sharedMemoriesAppreciation': '4', 'relationshipCloseness': '5', 'uniqueGiftValue': '5', 'practicalOverSentimental': '5'}","{'helpful': 'Yes', 'suggestion': ''}",2026-01-08 14:09:18.605000+00:00
1,"[{'gender': 'Female', 'knownDuration': 'Less than a year', 'id': 1, 'occasion': ['Graduation', 'Birthday'], 'ageGroup': '25–35', 'gifts': [{'type': 'Bag/Wallet', 'preferredStyle': ['Handmade & Crafted'], 'walletColor': 'Red', 'walletPrice': '10,000–15,000 PKR', 'walletStyle': 'Handbags'}], 'relationship': 'Friend', 'ageType': 'Adult'}]",Basket with ribbon,"{'personality': '1', 'experiencePreference': '5', 'handmadePreference': '5', 'budgetFlexibility': '5', 'stylePreference': '5', 'surpriseReaction': '5', 'connectionImportance': '5', 'noteImportance': '5', 'handmadeOverStore': '5', 'sharedMemoriesAppreciation': '5', 'relationshipCloseness': '5', 'uniqueGiftValue': '5', 'practicalOverSentimental': '5'}","{'helpful': 'Yes', 'suggestion': ''}",2025-12-24 13:18:07.086000+00:00
1,"[{'gender': 'Male', 'knownDuration': '5+ year', 'id': 1, 'occasion': ['Birthday', 'Wedding/Engagement gift'], 'ageGroup': '25–35', 'gifts': [{'type': 'Perfume', 'preferredStyle': ['Handmade & Crafted', 'Quirky & Unique'], 'perfumeScent': 'Sweet', 'perfumePrice': '5000 PKR'}], 'relationship': 'Close Family(Parent, Sibling, Child)', 'ageType': 'Adult'}]",Basket with net,"{'personality': '3', 'experiencePreference': '5', 'handmadePreference': '4', 'budgetFlexibility': 3, 'stylePreference': '5', 'surpriseReaction': 3, 'connectionImportance': '4', 'noteImportance': '5', 'handmadeOverStore': 3, 'sharedMemoriesAppreciation': '5', 'relationshipCloseness': 3, 'uniqueGiftValue': '5', 'practicalOverSentimental': '4'}","{'helpful': 'Yes', 'suggestion': ''}",2026-01-01 11:53:34.644000+00:00
1,"[{'gender': 'Female', 'knownDuration': '3–5 year', 'id': 1, 'occasion': ['Other'], 'ageGroup': '20–25', 'gifts': [{'type': 'Perfume', 'preferredStyle': ['Handmade & Crafted'], 'perfumeScent': 'Floral', 'perfumePrice': '7000–10,000 PKR'}, {'type': 'Clothing', 'preferredStyle': ['Quirky & Unique'], 'dressSize': 'M', 'femaleDressStyle': 'Shirt', 'dressColors': ['Red'], 'dressType': 'Stitched dress', 'dressPrice': '5000 PKR'}, {'type': 'Jewellery', 'preferredStyle': ['Funny & Lighthearted'], 'jewelryColor': 'Gold', 'quantity': 1, 'jewelryStyle': 'Pendant', 'jewelryPrice': '4000–5000 PKR'}], 'relationship': 'Friend', 'ageType': 'Adult'}]",Basket with ribbon,"{'personality': 3, 'experiencePreference': '3', 'handmadePreference': '5', 'budgetFlexibility': '5', 'stylePreference': '2', 'surpriseReaction': 3, 'connectionImportance': '5', 'noteImportance': '5', 'handmadeOverStore': '3', 'sharedMemoriesAppreciation': 3, 'relationshipCloseness': '5', 'uniqueGiftValue': 3, 'practicalOverSentimental': '3'}","{'helpful': 'Yes', 'suggestion': ''}",2026-01-04 17:56:19.772000+00:00
1,"[{'gender': 'Male', 'knownDuration': '5+ year', 'id': 1, 'occasion': ['Birthday'], 'ageGroup': '20–25', 'gifts': [{'type': 'Perfume', 'preferredStyle': ['Handmade & Crafted'], 'perfumeScent': 'Floral', 'perfumePrice': '5000 PKR'}], 'relationship': 'Close Family(Parent, Sibling, Child)', 'ageType': 'Adult'}]",Acrylic box,"{'personality': '5', 'experiencePreference': '2', 'handmadePreference': '5', 'budgetFlexibility': 3, 'stylePreference': '5', 'surpriseReaction': '4', 'connectionImportance': '4', 'noteImportance': 3, 'handmadeOverStore': 3, 'sharedMemoriesAppreciation': 3, 'relationshipCloseness': '4', 'uniqueGiftValue': '4', 'practicalOverSentimental': '5'}","{'helpful': 'Yes', 'suggestion': ''}",2026-01-08 16:18:27.309000+00:00
1,"[{'gender': 'Female', 'knownDuration': '', 'id': 1, 'kidToyTypes': ['Building Toys (e.g. LEGO)'], 'kidDislikes': ['Animated Cartoons'], 'occasion': ['Thank you gift'], 'ageGroup': '9–12', 'gifts': [{'type': 'Toys', 'kidBudget': '5500 – 7500 PKR'}, {'type': 'Edible Stuff', 'edibleQuantity': 2, 'flavours': {'Snacks': 'Spicy Chili'}, 'foodItems': ['Snacks', 'Cola cans'], 'ediblePrice': '1000–2000 PKR'}, {'type': 'Edible Stuff', 'edibleQuantity': 3, 'flavours': {'Popcorns': 'Caramel', 'Snacks': 'Barbecue', 'Cake': 'Vanilla'}, 'foodItems': ['Popcorns', 'Snacks', 'Cake'], 'ediblePrice': '3000–4000 PKR'}, {'type': 'Accessories', 'quantity': 1, 'jewelryStyle': 'Bracelets', 'jewelryColors': 'Green', 'jewelryPrice': 'More than 5000 PKR'}, {'type': 'Toys', 'kidBudget': '3500 – 5500 PKR'}], 'relationship': 'Extended Family (Aunt, Uncle, Cousin)', 'ageType': 'Kid'}]",Acrylic box,"{'personality': '2', 'experiencePreference': '5', 'handmadePreference': '4', 'budgetFlexibility': '2', 'stylePreference': '5', 'surpriseReaction': '2', 'connectionImportance': '2', 'noteImportance': '2', 'handmadeOverStore': '4', 'sharedMemoriesAppreciation': '2', 'relationshipCloseness': '1', 'uniqueGiftValue': '1', 'practicalOverSentimental': '1'}","{'helpful': 'Maybe', 'suggestion': ''}",2026-03-02 15:41:04.296000+00:00
1,"[{'gender': 'Male', 'knownDuration': '5+ year', 'id': 1, 'occasion': ['Birthday'], 'ageGroup': '16–20', 'gifts': [{'type': 'Edible Stuff', 'preferredStyle': ['Handmade & Crafted', 'Quirky & Unique', 'Funny & Lighthearted'], 'edibleQuantity': 1, 'flavours': {'Brownie': 'Red Velvet Brownie'}, 'foodItems': ['Brownie'], 'ediblePrice': '3000–4000 PKR'}], 'relationship': 'Close Family(Parent, Sibling, Child)', 'ageType': 'Adult'}]",Acrylic box,"{'personality': 3, 'experiencePreference': 3, 'handmadePreference': 3, 'budgetFlexibility': 3, 'stylePreference': 3, 'surpriseReaction': 3, 'connectionImportance': 3, 'noteImportance': 3, 'handmadeOverStore': 3, 'sharedMemoriesAppreciation': 3, 'relationshipCloseness': 3, 'uniqueGiftValue': 3, 'practicalOverSentimental': 3}","{'helpful': 'No', 'suggestion': ''}",2026-03-14 01:22:50.511000+00:00
6,"[{'gender': 'Male', 'knownDuration': '1–3 year', 'id': 1, 'occasion': ['Birthday', 'Holiday', 'Wedding/Engagement gift', 'Thank you gift'], 'ageGroup': '20–25', 'gifts': [{'type': 'Perfume', 'preferredStyle': ['Quirky & Unique'], 'perfumeScent': 'Floral', 'perfumePrice': '7000–10,000 PKR'}], 'relationship': 'Friend', 'ageType': 'Adult'}, {'gender': 'Male', 'knownDuration': '1–3 year', 'id': 2, 'occasion': ['Birthday', 'Anniversary', 'Wedding/Engagement gift'], 'ageGroup': '20–25', 'gifts': [{'type': 'Perfume', 'preferredStyle': ['Funny & Lighthearted'], 'perfumeScent': 'Sweet', 'perfumePrice': '10,000–12,000 PKR'}, {'type': 'Perfume', 'preferredStyle': ['Funny & Lighthearted'], 'perfumeScent': 'Sweet', 'perfumePrice': '7000–10,000 PKR'}, {'type': 'Perfume', 'preferredStyle': ['Quirky & Unique'], 'perfumeScent': 'Sweet', 'perfumePrice': '7000–10,000 PKR'}], 'relationship': 'Close Family(Parent, Sibling, Child)', 'ageType': 'Adult'}, {'gender': 'Male', 'knownDuration': '', 'id': 3, 'kidToyTypes': ['Building Toys (e.g. LEGO)'], 'kidDislikes': ['Stuffed Animals', 'Messy Crafts'], 'occasion': ['Graduation', 'Thank you gift'], 'ageGroup': '9–12', 'gifts': [{'type': 'Edible Stuff', 'edibleQuantity': 1, 'flavours': {'Chocolates': 'Milk Chocolate'}, 'foodItems': ['Chocolates'], 'ediblePrice': '4000–5000 PKR'}], 'relationship': 'Extended Family (Aunt, Uncle, Cousin)', 'ageType': 'Kid'}, {'gender': 'Male', 'knownDuration': '', 'id': 4, 'kidToyTypes': ['Other', 'Outdoor/ Sports'], 'kidDislikes': ['Other'], 'occasion': ['Thank you gift'], 'ageGroup': '6–9', 'gifts': [{'type': 'Edible Stuff', 'edibleQuantity': 1, 'flavours': {'Snacks': 'Barbecue'}, 'foodItems': ['Snacks'], 'ediblePrice': '6000–7000 PKR'}], 'relationship': 'Friend', 'ageType': 'Kid'}, {'gender': 'Male', 'knownDuration': '3–5 year', 'id': 5, 'occasion': ['Thank you gift'], 'ageGroup': '25–35', 'gifts': [{'type': 'Edible Stuff', 'preferredStyle': ['Quirky & Unique'], 'edibleQuantity': 1, 'flavours': {'Marshmellows': 'Chocolate-coated'}, 'foodItems': ['Marshmellows'], 'ediblePrice': '5000–6000 PKR'}], 'relationship': 'Other', 'ageType': 'Adult'}, {'gender': 'Male', 'knownDuration': '1–3 year', 'id': 6, 'occasion': ['Thank you gift'], 'ageGroup': '25–35', 'gifts': [{'type': 'Edible Stuff', 'preferredStyle': ['Quirky & Unique'], 'edibleQuantity': 1, 'flavours': {'Jellies': 'Grape'}, 'foodItems': ['Jellies'], 'ediblePrice': '4000–5000 PKR'}], 'relationship': 'Other', 'ageType': 'Adult'}]",Basket with net,"{'personality': 3, 'experiencePreference': 3, 'handmadePreference': 3, 'budgetFlexibility': 3, 'stylePreference': 3, 'surpriseReaction': 3, 'connectionImportance': 3, 'noteImportance': 3, 'handmadeOverStore': 3, 'sharedMemoriesAppreciation': 3, 'relationshipCloseness': 3, 'uniqueGiftValue': 3, 'practicalOverSentimental': 3}","{'helpful': 'No', 'suggestion': ''}",2026-03-13 21:47:43.636000+00:00
3,"[{'gender': 'Female', 'knownDuration': '1–3 year', 'id': 1, 'occasion': ['Anniversary'], 'ageGroup': '25–35', 'gifts': [{'type': 'Jewellery', 'preferredStyle': ['Handmade & Crafted'], 'jewelryColor': 'Silver', 'quantity': 5, 'jewelryStyle': 'Rings', 'jewelryPrice': '4000–5000 PKR'}, {'type': 'Perfume', 'preferredStyle': ['Quirky & Unique'], 'perfumeScent': 'Floral', 'perfumePrice': '12,000–15,000 PKR'}, {'type': 'Bag/Wallet', 'preferredStyle': ['Handmade & Crafted'], 'walletColor': 'Black', 'walletPrice': '20,000–25,000 PKR', 'walletStyle': 'Clutch'}, {'type': 'Makeup Products', 'preferredStyle': ['Quirky & Unique'], 'makeupPrice': '10,000–15,000 PKR', 'makeupItem': 'Cake powder'}], 'relationship': 'Extended Family (Aunt, Uncle, Cousin)', 'ageType': 'Adult'}, {'gender': 'Male', 'knownDuration': '1–3 year', 'id': 2, 'occasion': ['Graduation'], 'ageGroup': 'More than 35 years', 'gifts': [{'type': 'Edible Stuff', 'preferredStyle': ['Funny & Lighthearted'], 'edibleQuantity': 1, 'flavours': {'Chocolates': 'White Chocolate'}, 'foodItems': ['Chocolates'], 'ediblePrice': '6000–7000 PKR'}], 'relationship': 'Extended Family (Aunt, Uncle, Cousin)', 'ageType': 'Adult'}, {'gender': 'Male', 'knownDuration': '', 'id': 3, 'kidToyTypes': ['Arts & Crafts'], 'kidDislikes': ['Electronic Gadgets', 'Stuffed Animals'], 'occasion': ['Graduation'], 'ageGroup': '9–12', 'gifts': [{'type': 'Toys', 'kidBudget': 'More than 7500 PKR'}], 'relationship': 'Extended Family (Aunt, Uncle, Cousin)', 'ageType': 'Kid'}]",Simple box,"{'personality': '4', 'experiencePreference': '5', 'handmadePreference': '4', 'budgetFlexibility': '4', 'stylePreference': '5', 'surpriseReaction': '5', 'connectionImportance': '5', 'noteImportance': '5', 'handmadeOverStore': '5', 'sharedMemoriesAppreciation': '3', 'relationshipCloseness': '5', 'uniqueGiftValue': 3, 'practicalOverSentimental': '5'}","{'helpful': 'Maybe', 'suggestion': 'make the selection more attractive '}",2026-01-01 07:19:06.419000+00:00
1,"[{'gender': 'Male', 'knownDuration': 'Less than a year', 'id': 1, 'occasion': ['Holiday'], 'ageGroup': 'More than 35 years', 'gifts': [{'type': 'Perfume', 'preferredStyle': ['Handmade & Crafted'], 'perfumeScent': 'Sweet', 'perfumePrice': '5000 PKR'}], 'relationship': 'Friend', 'ageType': 'Adult'}]",Simple box,"{'personality': 3, 'experiencePreference': 3, 'handmadePreference': 3, 'budgetFlexibility': '5', 'stylePreference': 3, 'surpriseReaction': 3, 'connectionImportance': 3, 'noteImportance': '5', 'handmadeOverStore': '4', 'sharedMemoriesAppreciation': '5', 'relationshipCloseness': 3, 'uniqueGiftValue': 3, 'practicalOverSentimental': 3}","{'helpful': 'Yes', 'suggestion': ''}",2026-03-13 22:15:19.688000+00:00
4,"[{'gender': 'Female', 'knownDuration': '5+ year', 'id': 1, 'occasion': ['Graduation'], 'ageGroup': '20–25', 'gifts': [{'type': 'Clothing', 'preferredStyle': ['Handmade & Crafted'], 'femaleDressStyle': 'Frock', 'dressSize': 'M', 'dressColors': ['White'], 'dressType': 'Stitched dress', 'dressPrice': '10,000–15,000 PKR'}], 'relationship': 'Friend', 'ageType': 'Adult'}, {'gender': 'Male', 'knownDuration': '', 'id': 2, 'kidToyTypes': ['Building Toys (e.g. LEGO)', 'Arts & Crafts', 'Tech/ Games'], 'kidDislikes': ['Labubu Dolls'], 'occasion': ['Birthday'], 'ageGroup': '9–12', 'gifts': [{'type': 'Toys', 'kidBudget': '3500 – 5500 PKR'}, {'type': 'Edible Stuff', 'edibleQuantity': 1, 'flavours': {'Marshmellows': 'Caramel-filled'}, 'foodItems': ['Marshmellows'], 'ediblePrice': '3000–4000 PKR'}], 'relationship': 'Close Family(Parent, Sibling, Child)', 'ageType': 'Kid'}, {'gender': 'Female', 'knownDuration': '1–3 year', 'id': 3, 'occasion': ['Get well soon'], 'ageGroup': '20–25', 'gifts': [{'type': 'Makeup Products', 'preferredStyle': ['Funny & Lighthearted', 'Handmade & Crafted'], 'makeupPrice': '10,000–15,000 PKR', 'makeupItem': 'Face Mask (skincare)'}, {'type': 'Edible Stuff', 'preferredStyle': ['Funny & Lighthearted', 'Handmade & Crafted'], 'edibleQuantity': 9, 'flavours': {'Popcorns': 'Spicy', 'Snacks': 'Cheese', 'Cake': 'Chocolate', 'Cupcakes': 'Strawberry', 'Jellies': 'Orange', 'Marshmellows': 'Classic Vanilla', 'Chocolates': 'Dark Chocolate', 'Brownie': 'Walnut'}, 'foodItems': ['Chocolates', 'Brownie', 'Snacks', 'Popcorns', 'Cola cans', 'Marshmellows', 'Jellies', 'Cake', 'Cupcakes'], 'ediblePrice': '6000–7000 PKR'}, {'type': 'Clothing', 'preferredStyle': ['Quirky & Unique'], 'dressPieces': 'Three-piece', 'dressColors': ['Yellow'], 'dressType': 'Unstitched dress', 'dressPrice': '15,000–20,000 PKR'}], 'relationship': 'Spouse', 'ageType': 'Adult'}, {'gender': 'Male', 'knownDuration': 'Less than a year', 'id': 4, 'occasion': ['Holiday'], 'ageGroup': '20–25', 'gifts': [{'type': 'Shoes', 'preferredStyle': ['Quirky & Unique'], 'shoePrice': '5000–10,000 PKR', 'shoeStyle': 'Formal shoes', 'shoeColor': 'Light brown', 'shoeSize': '42'}, {'type': 'Wallet', 'preferredStyle': ['Quirky & Unique'], 'walletColor': 'Camel brown', 'walletPrice': '8000–10,000 PKR', 'walletStyle': 'Card wallets'}, {'type': 'Perfume', 'preferredStyle': ['Handmade & Crafted'], 'perfumeScent': 'Spicy', 'perfumePrice': '12,000–15,000 PKR'}, {'type': 'Edible Stuff', 'edibleQuantity': 1, 'flavours': {'Snacks': 'Spicy Chili'}, 'foodItems': ['Snacks'], 'ediblePrice': '6000–7000 PKR'}], 'relationship': 'Colleague/Professional', 'ageType': 'Adult'}]",Simple box,"{'personality': 3, 'experiencePreference': 3, 'handmadePreference': 3, 'budgetFlexibility': 3, 'stylePreference': 3, 'surpriseReaction': 3, 'connectionImportance': 3, 'noteImportance': 3, 'handmadeOverStore': 3, 'sharedMemoriesAppreciation': 3, 'relationshipCloseness': 3, 'uniqueGiftValue': 3, 'practicalOverSentimental': 3}","{'helpful': 'Maybe', 'suggestion': ''}",2026-01-08 14:24:22.318000+00:00
1,"[{'gender': 'Male', 'knownDuration': '5+ year', 'id': 1, 'occasion': ['Anniversary'], 'ageGroup': '25–35', 'gifts': [{'type': 'Wallet', 'preferredStyle': ['Handmade & Crafted'], 'walletColor': 'Black', 'walletPrice': '6000–8000 PKR', 'walletStyle': 'Card wallets'}], 'relationship': 'Close Family(Parent, Sibling, Child)', 'ageType': 'Adult'}]",Basket with net,"{'personality': 3, 'experiencePreference': 3, 'handmadePreference': 3, 'budgetFlexibility': 3, 'stylePreference': 3, 'surpriseReaction': 3, 'connectionImportance': 3, 'noteImportance': 3, 'handmadeOverStore': '5', 'sharedMemoriesAppreciation': '5', 'relationshipCloseness': 3, 'uniqueGiftValue': 3, 'practicalOverSentimental': '5'}","{'helpful': 'Yes', 'suggestion': ''}",2026-04-04 20:42:29.015000+00:00
1,"[{'gender': 'Male', 'knownDuration': '', 'id': 1, 'kidToyTypes': ['Other'], 'kidDislikes': ['Other'], 'occasion': ['Thank you gift'], 'ageGroup': 'Less than a year', 'gifts': [{'type': 'Toys', 'kidBudget': 'More than 7500 PKR'}], 'relationship': 'Friend', 'ageType': 'Kid'}]",Simple box,"{'personality': 3, 'experiencePreference': 3, 'handmadePreference': 3, 'budgetFlexibility': 3, 'stylePreference': 3, 'surpriseReaction': 3, 'connectionImportance': 3, 'noteImportance': 3, 'handmadeOverStore': 3, 'sharedMemoriesAppreciation': 3, 'relationshipCloseness': 3, 'uniqueGiftValue': 3, 'practicalOverSentimental': 3}","{'helpful': 'Yes', 'suggestion': ''}",2026-04-05 14:18:16.697000+00:00
1,"[{'gender': 'Male', 'knownDuration': '', 'id': 1, 'kidToyTypes': ['Building Toys (e.g. LEGO)', 'Dolls'], 'kidDislikes': ['Noisy Toys'], 'occasion': ['Thank you gift'], 'ageGroup': '1–3', 'gifts': [{'type': 'Toys', 'kidBudget': '3500 PKR'}], 'relationship': 'Close Family(Parent, Sibling, Child)', 'ageType': 'Kid'}]",Basket with net,"{'personality': 3, 'experiencePreference': 3, 'handmadePreference': 3, 'budgetFlexibility': 3, 'stylePreference': 3, 'surpriseReaction': 3, 'connectionImportance': 3, 'noteImportance': 3, 'handmadeOverStore': 3, 'sharedMemoriesAppreciation': 3, 'relationshipCloseness': 3, 'uniqueGiftValue': 3, 'practicalOverSentimental': 3}","{'helpful': 'Yes', 'suggestion': ''}",2026-03-13 21:56:27.941000+00:00
1,"[{'gender': 'Female', 'knownDuration': '', 'id': 1, 'kidToyTypes': ['Dolls', 'Building Toys (e.g. LEGO)'], 'kidDislikes': ['Messy Crafts', 'Electronic Gadgets'], 'occasion': ['Birthday'], 'ageGroup': '6–9', 'gifts': [{'type': 'Edible Stuff', 'edibleQuantity': 3, 'flavours': {'Popcorns': 'Caramel', 'Snacks': 'Sour Cream & Onion', 'Jellies': 'Strawberry'}, 'foodItems': ['Jellies', 'Snacks', 'Popcorns'], 'ediblePrice': '5000–6000 PKR'}], 'relationship': 'Friend', 'ageType': 'Kid'}]",Acrylic box,"{'personality': '1', 'experiencePreference': 3, 'handmadePreference': 3, 'budgetFlexibility': 3, 'stylePreference': 3, 'surpriseReaction': 3, 'connectionImportance': '4', 'noteImportance': '5', 'handmadeOverStore': '5', 'sharedMemoriesAppreciation': 3, 'relationshipCloseness': 3, 'uniqueGiftValue': 3, 'practicalOverSentimental': 3}","{'helpful': 'Yes', 'suggestion': ''}",2026-04-05 14:03:04.705000+00:00
1,"[{'gender': 'Female', 'knownDuration': 'Less than a year', 'id': 1, 'occasion': ['Birthday'], 'ageGroup': '20–25', 'gifts': [{'type': 'Perfume', 'preferredStyle': ['Quirky & Unique'], 'perfumeScent': 'Floral', 'perfumePrice': '5000 PKR'}], 'relationship': 'Friend', 'ageType': 'Adult'}]",Basket with ribbon,"{'personality': '3', 'experiencePreference': '3', 'handmadePreference': '3', 'budgetFlexibility': 3, 'stylePreference': '4', 'surpriseReaction': '4', 'connectionImportance': '3', 'noteImportance': '4', 'handmadeOverStore': 3, 'sharedMemoriesAppreciation': '3', 'relationshipCloseness': '3', 'uniqueGiftValue': 3, 'practicalOverSentimental': 3}","{'helpful': 'Maybe', 'suggestion': ''}",2026-01-04 17:35:06.931000+00:00
1,"[{'gender': 'Female', 'knownDuration': '5+ year', 'id': 1, 'occasion': ['Birthday'], 'ageGroup': 'More than 35 years', 'gifts': [{'type': 'Clothing', 'preferredStyle': ['Handmade & Crafted'], 'femaleDressStyle': 'Shirt', 'dressSize': 'M', 'dressColors': ['Blue'], 'dressType': 'Stitched dress', 'dressPrice': '8000–10,000 PKR'}], 'relationship': 'Close Family(Parent, Sibling, Child)', 'ageType': 'Adult'}]",Acrylic box,"{'personality': '4', 'experiencePreference': '4', 'handmadePreference': '4', 'budgetFlexibility': '4', 'stylePreference': '2', 'surpriseReaction': '4', 'connectionImportance': '4', 'noteImportance': '5', 'handmadeOverStore': '5', 'sharedMemoriesAppreciation': '4', 'relationshipCloseness': '4', 'uniqueGiftValue': '4', 'practicalOverSentimental': '4'}","{'helpful': 'Yes', 'suggestion': ''}",2026-03-13 21:24:01.909000+00:00
1,"[{'gender': 'Female', 'knownDuration': '', 'id': 1, 'kidToyTypes': ['Other'], 'kidDislikes': ['Other'], 'occasion': ['Other'], 'ageGroup': 'Less than a year', 'gifts': [{'type': 'Accessories', 'quantity': 1, 'jewelryStyle': 'Bow style hairband', 'jewelryColors': 'Purple', 'jewelryPrice': 'More than 5000 PKR'}], 'relationship': 'Close Family(Parent, Sibling, Child)', 'ageType': 'Kid'}]",Acrylic box,"{'personality': 3, 'experiencePreference': 3, 'handmadePreference': 3, 'budgetFlexibility': 3, 'stylePreference': 3, 'surpriseReaction': 3, 'connectionImportance': 3, 'noteImportance': 3, 'handmadeOverStore': 3, 'sharedMemoriesAppreciation': 3, 'relationshipCloseness': 3, 'uniqueGiftValue': 3, 'practicalOverSentimental': 3}","{'helpful': 'Yes', 'suggestion': ''}",2026-04-05 14:20:49.777000+00:00
1,"[{'gender': 'Female', 'knownDuration': '3–5 year', 'id': 1, 'occasion': ['Other'], 'ageGroup': '20–25', 'gifts': [{'type': 'Jewellery', 'preferredStyle': ['Funny & Lighthearted'], 'jewelryColor': 'Gold', 'quantity': 1, 'jewelryStyle': 'Bracelet', 'jewelryPrice': '4000–5000 PKR'}], 'relationship': 'Friend', 'ageType': 'Adult'}]",Acrylic box,"{'personality': 3, 'experiencePreference': 3, 'handmadePreference': 3, 'budgetFlexibility': 3, 'stylePreference': 3, 'surpriseReaction': 3, 'connectionImportance': 3, 'noteImportance': 3, 'handmadeOverStore': 3, 'sharedMemoriesAppreciation': 3, 'relationshipCloseness': 3, 'uniqueGiftValue': 3, 'practicalOverSentimental': 3}","{'helpful': 'No', 'suggestion': ''}",2026-04-05 14:21:28.020000+00:00
1,"[{'gender': 'Male', 'knownDuration': '1–3 year', 'id': 1, 'occasion': ['Thank you gift'], 'ageGroup': '20–25', 'gifts': [{'type': 'Edible Stuff', 'preferredStyle': ['Funny & Lighthearted'], 'edibleQuantity': 1, 'flavours': {'Brownie': 'Classic Fudge'}, 'foodItems': ['Brownie'], 'ediblePrice': '3000–4000 PKR'}], 'relationship': 'Extended Family (Aunt, Uncle, Cousin)', 'ageType': 'Adult'}]",Basket with ribbon,"{'personality': '5', 'experiencePreference': '5', 'handmadePreference': '5', 'budgetFlexibility': '5', 'stylePreference': '5', 'surpriseReaction': '5', 'connectionImportance': '5', 'noteImportance': '5', 'handmadeOverStore': '5', 'sharedMemoriesAppreciation': '5', 'relationshipCloseness': '5', 'uniqueGiftValue': '5', 'practicalOverSentimental': '5'}","{'helpful': 'Yes', 'suggestion': 'Asking about a personal message, memory, or inside joke to include with the gift would make it more meaningful.'}",2026-01-01 11:22:32.819000+00:00
1,"[{'gender': 'Male', 'knownDuration': '5+ year', 'id': 1, 'occasion': ['Birthday'], 'ageGroup': '25–35', 'gifts': [{'type': 'Perfume', 'preferredStyle': ['Handmade & Crafted'], 'perfumeScent': 'Floral', 'perfumePrice': '10,000–12,000 PKR'}], 'relationship': 'Close Family(Parent, Sibling, Child)', 'ageType': 'Adult'}]",Basket with net,"{'personality': '1', 'experiencePreference': '5', 'handmadePreference': '5', 'budgetFlexibility': '5', 'stylePreference': '5', 'surpriseReaction': '4', 'connectionImportance': '5', 'noteImportance': '1', 'handmadeOverStore': '5', 'sharedMemoriesAppreciation': '4', 'relationshipCloseness': '5', 'uniqueGiftValue': '5', 'practicalOverSentimental': '1'}","{'helpful': 'Yes', 'suggestion': 'the relationship with the relative'}",2026-04-08 05:21:04.661000+00:00
1,"[{'gender': 'Female', 'knownDuration': '1–3 year', 'id': 1, 'occasion': ['Thank you gift'], 'ageGroup': '16–20', 'gifts': [{'type': 'Bag/Wallet', 'preferredStyle': ['Funny & Lighthearted'], 'walletColor': 'Black', 'walletPrice': '5000–10,000 PKR', 'walletStyle': 'Tote bags'}], 'relationship': 'Spouse', 'ageType': 'Adult'}]",Simple box,"{'personality': 3, 'experiencePreference': 3, 'handmadePreference': 3, 'budgetFlexibility': 3, 'stylePreference': 3, 'surpriseReaction': 3, 'connectionImportance': 3, 'noteImportance': 3, 'handmadeOverStore': 3, 'sharedMemoriesAppreciation': 3, 'relationshipCloseness': 3, 'uniqueGiftValue': 3, 'practicalOverSentimental': 3}","{'helpful': 'Yes', 'suggestion': ''}",2026-04-05 14:25:41.450000+00:00
1,"[{'gender': 'Female', 'knownDuration': '3–5 year', 'id': 1, 'occasion': ['Graduation'], 'ageGroup': '20–25', 'gifts': [{'type': 'Bag/Wallet', 'preferredStyle': [], 'walletColor': 'Black', 'walletPrice': '20,000–25,000 PKR', 'walletStyle': 'Tote bags', 'dressType': 'Unstitched dress'}], 'relationship': 'Other', 'ageType': 'Adult'}]",Basket with ribbon,"{'personality': '1', 'experiencePreference': 3, 'handmadePreference': '5', 'budgetFlexibility': 3, 'stylePreference': '5', 'surpriseReaction': '5', 'connectionImportance': '5', 'noteImportance': '4', 'handmadeOverStore': 3, 'sharedMemoriesAppreciation': 3, 'relationshipCloseness': '5', 'uniqueGiftValue': 3, 'practicalOverSentimental': 3}","{'helpful': 'No', 'suggestion': ''}",2026-03-14 00:39:44.113000+00:00
5,"[{'gender': 'Male', 'knownDuration': '5+ year', 'id': 1, 'occasion': ['Birthday'], 'ageGroup': '20–25', 'gifts': [{'type': 'Clothing', 'preferredStyle': ['Handmade & Crafted'], 'dressSize': 'M', 'maleDressStyle': 'Waistcoats', 'dressColors': ['White'], 'dressType': 'Stitched dress', 'dressPrice': '5000–8000 PKR'}], 'relationship': 'Close Family(Parent, Sibling, Child)', 'ageType': 'Adult'}, {'gender': 'Male', 'knownDuration': 'Less than a year', 'id': 2, 'occasion': ['Thank you gift'], 'ageGroup': '25–35', 'gifts': [{'type': 'Wallet', 'preferredStyle': ['Quirky & Unique'], 'walletColor': 'Camel brown', 'walletPrice': '3000–5000 PKR', 'walletStyle': 'Card wallets'}], 'relationship': 'Friend', 'ageType': 'Adult'}, {'gender': 'Male', 'knownDuration': '1–3 year', 'id': 3, 'occasion': ['Graduation'], 'ageGroup': '20–25', 'gifts': [{'type': 'Wallet', 'preferredStyle': ['Handmade & Crafted'], 'walletColor': 'Camel brown', 'walletPrice': '3000–5000 PKR', 'walletStyle': 'Card wallets'}], 'relationship': 'Other', 'ageType': 'Adult'}, {'gender': 'Male', 'knownDuration': '1–3 year', 'id': 4, 'occasion': ['Get well soon'], 'ageGroup': '20–25', 'gifts': [{'type': 'Jewellery', 'quantity': 1, 'edibleQuantity': 1, 'jewelryPrice': '2000–3000 PKR', 'ediblePrice': '1000–2000 PKR', 'preferredStyle': ['Handmade & Crafted'], 'jewelryColor': 'Gold', 'jewelryStyle': 'Bracelet'}], 'relationship': 'Extended Family (Aunt, Uncle, Cousin)', 'ageType': 'Adult'}, {'gender': 'Male', 'knownDuration': 'Less than a year', 'id': 5, 'occasion': ['Holiday'], 'ageGroup': '20–25', 'gifts': [{'type': 'Edible Stuff', 'preferredStyle': ['Handmade & Crafted'], 'edibleQuantity': 1, 'flavours': {'Cupcakes': 'Chocolate'}, 'foodItems': ['Cupcakes'], 'ediblePrice': '1000 PKR'}], 'relationship': 'Close Family(Parent, Sibling, Child)', 'ageType': 'Adult'}]",Basket with ribbon,"{'personality': '5', 'experiencePreference': '4', 'handmadePreference': '4', 'budgetFlexibility': '5', 'stylePreference': '4', 'surpriseReaction': '2', 'connectionImportance': '4', 'noteImportance': '4', 'handmadeOverStore': '4', 'sharedMemoriesAppreciation': '4', 'relationshipCloseness': '4', 'uniqueGiftValue': 3, 'practicalOverSentimental': 3}","{'helpful': 'Maybe', 'suggestion': ''}",2025-12-24 16:46:44.197000+00:00
1,"[{'gender': 'Female', 'knownDuration': '5+ year', 'id': 1, 'occasion': ['Birthday', 'Anniversary'], 'ageGroup': '25–35', 'gifts': [{'type': 'Clothing', 'preferredStyle': ['Quirky & Unique', 'Funny & Lighthearted'], 'dressPieces': 'Three-piece', 'dressColors': ['Green'], 'dressType': 'Unstitched dress', 'dressPrice': '5000–8000 PKR'}], 'relationship': 'Friend', 'ageType': 'Adult'}]",Basket with ribbon,"{'personality': '4', 'experiencePreference': 3, 'handmadePreference': '4', 'budgetFlexibility': 3, 'stylePreference': '4', 'surpriseReaction': '4', 'connectionImportance': '4', 'noteImportance': 3, 'handmadeOverStore': 3, 'sharedMemoriesAppreciation': 3, 'relationshipCloseness': '4', 'uniqueGiftValue': 3, 'practicalOverSentimental': 3}","{'helpful': 'Yes', 'suggestion': ''}",2026-03-13 23:36:37.246000+00:00
1,"[{'gender': 'Male', 'knownDuration': '5+ year', 'id': 1, 'occasion': ['Birthday'], 'ageGroup': '16–20', 'gifts': [{'type': 'Edible Stuff', 'edibleQuantity': 2, 'flavours': {'Popcorns': 'Spicy'}, 'foodItems': ['Popcorns', 'Cola cans'], 'ediblePrice': '4000–5000 PKR'}], 'relationship': 'Close Family(Parent, Sibling, Child)', 'ageType': 'Adult'}]",Basket with ribbon,"{'personality': 3, 'experiencePreference': 3, 'handmadePreference': 3, 'budgetFlexibility': 3, 'stylePreference': 3, 'surpriseReaction': 3, 'connectionImportance': 3, 'noteImportance': 3, 'handmadeOverStore': 3, 'sharedMemoriesAppreciation': 3, 'relationshipCloseness': 3, 'uniqueGiftValue': 3, 'practicalOverSentimental': 3}","{'helpful': 'Maybe', 'suggestion': ''}",2025-12-22 20:54:25.765000+00:00
4,"[{'gender': 'Female', 'knownDuration': 'Less than a year', 'id': 1, 'occasion': ['Birthday'], 'ageGroup': '20–25', 'gifts': [{'type': 'Edible Stuff', 'preferredStyle': ['Quirky & Unique'], 'edibleQuantity': 1, 'flavours': {'Chocolates': 'Dark Chocolate'}, 'foodItems': ['Chocolates'], 'ediblePrice': '1000 PKR'}], 'relationship': 'Close Family(Parent, Sibling, Child)', 'ageType': 'Adult'}, {'gender': 'Male', 'knownDuration': 'Less than a year', 'id': 2, 'occasion': ['Thank you gift'], 'ageGroup': '16–20', 'gifts': [{'type': 'Perfume', 'preferredStyle': ['Handmade & Crafted'], 'perfumeScent': 'Sweet', 'perfumePrice': '5000 PKR'}], 'relationship': 'Other', 'ageType': 'Adult'}, {'gender': 'Female', 'knownDuration': 'Less than a year', 'id': 3, 'occasion': ['Other'], 'ageGroup': '20–25', 'gifts': [{'type': 'Edible Stuff', 'preferredStyle': ['Funny & Lighthearted'], 'edibleQuantity': 1, 'flavours': {'Snacks': 'Cheese'}, 'foodItems': ['Snacks'], 'ediblePrice': '1000 PKR'}], 'relationship': 'Spouse', 'ageType': 'Adult'}, {'gender': 'Female', 'knownDuration': '', 'id': 4, 'kidToyTypes': ['Tech/ Games', 'Outdoor/ Sports'], 'kidDislikes': ['Other'], 'occasion': ['Birthday'], 'ageGroup': '9–12', 'gifts': [{'type': 'Toys', 'kidBudget': '3500 PKR'}], 'relationship': 'Close Family(Parent, Sibling, Child)', 'ageType': 'Kid'}]",Basket with net,"{'personality': '5', 'experiencePreference': '2', 'handmadePreference': '4', 'budgetFlexibility': '1', 'stylePreference': '2', 'surpriseReaction': '5', 'connectionImportance': '4', 'noteImportance': '4', 'handmadeOverStore': '5', 'sharedMemoriesAppreciation': '4', 'relationshipCloseness': '5', 'uniqueGiftValue': 3, 'practicalOverSentimental': '4'}","{'helpful': 'Yes', 'suggestion': ''}",2026-01-04 17:29:25.175000+00:00
1,"[{'gender': 'Male', 'knownDuration': '1–3 year', 'id': 1, 'occasion': ['Birthday'], 'ageGroup': '20–25', 'gifts': [{'type': 'Perfume', 'preferredStyle': ['Quirky & Unique'], 'perfumeScent': 'Sweet', 'perfumePrice': '12,000–15,000 PKR'}], 'relationship': 'Close Family(Parent, Sibling, Child)', 'ageType': 'Adult'}]",Basket with net,"{'personality': '2', 'experiencePreference': '2', 'handmadePreference': '4', 'budgetFlexibility': 3, 'stylePreference': '4', 'surpriseReaction': '4', 'connectionImportance': '3', 'noteImportance': 3, 'handmadeOverStore': 3, 'sharedMemoriesAppreciation': '4', 'relationshipCloseness': '2', 'uniqueGiftValue': 3, 'practicalOverSentimental': '2'}","{'helpful': 'Yes', 'suggestion': ''}",2026-04-08 07:37:44.976000+00:00
1,"[{'gender': 'Male', 'knownDuration': '1–3 year', 'id': 1, 'occasion': ['Anniversary'], 'ageGroup': '16–20', 'gifts': [{'type': 'Perfume', 'preferredStyle': ['Handmade & Crafted'], 'perfumeScent': 'Floral', 'perfumePrice': '5000 PKR'}], 'relationship': 'Close Family(Parent, Sibling, Child)', 'ageType': 'Adult'}]",Acrylic box,"{'personality': 3, 'experiencePreference': 3, 'handmadePreference': 3, 'budgetFlexibility': 3, 'stylePreference': 3, 'surpriseReaction': 3, 'connectionImportance': 3, 'noteImportance': 3, 'handmadeOverStore': 3, 'sharedMemoriesAppreciation': 3, 'relationshipCloseness': 3, 'uniqueGiftValue': 3, 'practicalOverSentimental': 3}","{'helpful': 'Yes', 'suggestion': ''}",2026-01-02 07:09:37.967000+00:00
1,"[{'gender': 'Male', 'knownDuration': '5+ year', 'id': 1, 'occasion': ['Birthday'], 'ageGroup': '20–25', 'gifts': [{'type': 'Wallet', 'preferredStyle': ['Quirky & Unique'], 'walletColor': 'Black', 'walletPrice': '6000–8000 PKR', 'walletStyle': 'Bifold wallets'}], 'relationship': 'Friend', 'ageType': 'Adult'}]",Acrylic box,"{'personality': 3, 'experiencePreference': '5', 'handmadePreference': '5', 'budgetFlexibility': '5', 'stylePreference': '5', 'surpriseReaction': '5', 'connectionImportance': '5', 'noteImportance': '5', 'handmadeOverStore': '5', 'sharedMemoriesAppreciation': '5', 'relationshipCloseness': '5', 'uniqueGiftValue': '5', 'practicalOverSentimental': '3'}","{'helpful': 'Yes', 'suggestion': ''}",2026-03-13 21:33:57.128000+00:00
1,"[{'gender': 'Male', 'knownDuration': '1–3 year', 'id': 1, 'occasion': ['Other'], 'ageGroup': '20–25', 'gifts': [{'type': 'Wallet', 'preferredStyle': ['Funny & Lighthearted'], 'walletColor': 'Camel brown', 'walletPrice': '3000–5000 PKR', 'walletStyle': 'Card wallets'}], 'relationship': 'Other', 'ageType': 'Adult'}]",Simple box,"{'personality': 3, 'experiencePreference': 3, 'handmadePreference': 3, 'budgetFlexibility': 3, 'stylePreference': 3, 'surpriseReaction': 3, 'connectionImportance': 3, 'noteImportance': 3, 'handmadeOverStore': 3, 'sharedMemoriesAppreciation': 3, 'relationshipCloseness': 3, 'uniqueGiftValue': 3, 'practicalOverSentimental': 3}","{'helpful': 'Maybe', 'suggestion': ''}",2026-04-08 14:36:17.870000+00:00
1,"[{'gender': 'Male', 'knownDuration': '1–3 year', 'id': 1, 'occasion': ['Holiday'], 'ageGroup': '20–25', 'gifts': [{'type': 'Perfume', 'preferredStyle': ['Handmade & Crafted', 'Quirky & Unique'], 'perfumeScent': 'Floral', 'perfumePrice': '5000–7000 PKR'}], 'relationship': 'Friend', 'ageType': 'Adult'}]",Basket with ribbon,"{'personality': '4', 'experiencePreference': '4', 'handmadePreference': '4', 'budgetFlexibility': '4', 'stylePreference': '4', 'surpriseReaction': '5', 'connectionImportance': '2', 'noteImportance': '4', 'handmadeOverStore': '2', 'sharedMemoriesAppreciation': '2', 'relationshipCloseness': '4', 'uniqueGiftValue': '4', 'practicalOverSentimental': '2'}","{'helpful': 'Yes', 'suggestion': ''}",2026-04-08 05:24:24.088000+00:00
10,"[{'gender': 'Male', 'knownDuration': '3–5 year', 'id': 1, 'occasion': ['Birthday'], 'ageGroup': '25–35', 'gifts': [{'type': 'Perfume', 'preferredStyle': ['Quirky & Unique'], 'perfumeScent': 'Floral', 'perfumePrice': '7000–10,000 PKR'}], 'relationship': 'Close Family(Parent, Sibling, Child)', 'ageType': 'Adult'}, {'gender': 'Female', 'knownDuration': '', 'id': 2, 'kidToyTypes': ['Dolls'], 'kidDislikes': ['Labubu Dolls'], 'occasion': ['Birthday'], 'ageGroup': '12–15', 'gifts': [{'type': 'Toys', 'kidBudget': '5500 – 7500 PKR'}], 'relationship': 'Extended Family (Aunt, Uncle, Cousin)', 'ageType': 'Kid'}, {'gender': 'Male', 'knownDuration': '3–5 year', 'id': 3, 'occasion': ['Birthday'], 'ageGroup': 'More than 35 years', 'gifts': [{'type': 'Jewellery', 'preferredStyle': ['Quirky & Unique'], 'jewelryColor': 'Gold', 'quantity': 1, 'jewelryStyle': 'Chain', 'jewelryPrice': 'More than 5000 PKR'}], 'relationship': 'Colleague/Professional', 'ageType': 'Adult'}, {'gender': 'Female', 'knownDuration': '5+ year', 'id': 4, 'occasion': ['Birthday'], 'ageGroup': '20–25', 'gifts': [{'type': 'Perfume', 'preferredStyle': ['Quirky & Unique'], 'perfumeScent': 'Spicy', 'perfumePrice': '7000–10,000 PKR'}], 'relationship': 'Extended Family (Aunt, Uncle, Cousin)', 'ageType': 'Adult'}, {'gender': 'Female', 'knownDuration': '3–5 year', 'id': 5, 'occasion': ['Anniversary'], 'ageGroup': '16–20', 'gifts': [{'type': 'Makeup Products', 'preferredStyle': ['Funny & Lighthearted'], 'makeupPrice': '10,000–15,000 PKR', 'makeupItem': 'Mascara'}], 'relationship': 'Close Family(Parent, Sibling, Child)', 'ageType': 'Adult'}, {'gender': 'Female', 'knownDuration': '3–5 year', 'id': 6, 'occasion': ['Get well soon'], 'ageGroup': '25–35', 'gifts': [{'type': 'Bag/Wallet', 'preferredStyle': ['Handmade & Crafted'], 'walletColor': 'Green', 'walletPrice': '5000–10,000 PKR', 'walletStyle': 'Clutch'}], 'relationship': 'Friend', 'ageType': 'Adult'}, {'gender': 'Female', 'knownDuration': '1–3 year', 'id': 7, 'occasion': ['Holiday'], 'ageGroup': '20–25', 'gifts': [{'type': 'Perfume', 'preferredStyle': ['Quirky & Unique'], 'perfumeScent': 'Spicy', 'perfumePrice': '5000–7000 PKR'}], 'relationship': 'Colleague/Professional', 'ageType': 'Adult'}, {'gender': 'Male', 'knownDuration': 'Less than a year', 'id': 8, 'occasion': ['Wedding/Engagement gift'], 'ageGroup': '25–35', 'gifts': [{'type': 'Jewellery', 'preferredStyle': ['Handmade & Crafted'], 'jewelryColor': 'Silver', 'quantity': 1, 'jewelryStyle': 'Wrist bands', 'jewelryPrice': '4000–5000 PKR'}], 'relationship': 'Friend', 'ageType': 'Adult'}, {'gender': 'Female', 'knownDuration': '3–5 year', 'id': 9, 'occasion': ['Thank you gift'], 'ageGroup': '20–25', 'gifts': [{'type': 'Edible Stuff', 'preferredStyle': ['Funny & Lighthearted'], 'edibleQuantity': 1, 'flavours': {'Snacks': 'Spicy Chili'}, 'foodItems': ['Snacks'], 'ediblePrice': '5000–6000 PKR'}], 'relationship': 'Other', 'ageType': 'Adult'}, {'gender': 'Female', 'knownDuration': '3–5 year', 'id': 10, 'occasion': ['Birthday'], 'ageGroup': '16–20', 'gifts': [{'type': 'Perfume', 'preferredStyle': ['Funny & Lighthearted'], 'perfumeScent': 'Floral', 'perfumePrice': '12,000–15,000 PKR'}], 'relationship': 'Close Family(Parent, Sibling, Child)', 'ageType': 'Adult'}]",Basket with ribbon,"{'personality': 3, 'experiencePreference': 3, 'handmadePreference': 3, 'budgetFlexibility': 3, 'stylePreference': 3, 'surpriseReaction': 3, 'connectionImportance': '4', 'noteImportance': '4', 'handmadeOverStore': 3, 'sharedMemoriesAppreciation': 3, 'relationshipCloseness': 3, 'uniqueGiftValue': 3, 'practicalOverSentimental': 3}","{'helpful': 'Yes', 'suggestion': ''}",2026-03-13 23:35:16.484000+00:00
1,"[{'gender': 'Female', 'knownDuration': '5+ year', 'id': 1, 'occasion': ['Thank you gift'], 'ageGroup': '20–25', 'gifts': [{'type': 'Bag/Wallet', 'preferredStyle': ['Handmade & Crafted'], 'walletColor': 'Red', 'walletPrice': '5000–10,000 PKR', 'walletStyle': 'Clutch'}], 'relationship': 'Close Family(Parent, Sibling, Child)', 'ageType': 'Adult'}]",Basket with ribbon,"{'personality': 3, 'experiencePreference': 3, 'handmadePreference': 3, 'budgetFlexibility': 3, 'stylePreference': 3, 'surpriseReaction': 3, 'connectionImportance': '4', 'noteImportance': 3, 'handmadeOverStore': 3, 'sharedMemoriesAppreciation': 3, 'relationshipCloseness': 3, 'uniqueGiftValue': 3, 'practicalOverSentimental': 3}","{'helpful': 'Yes', 'suggestion': ''}",2026-04-05 14:14:43.563000+00:00
1,"[{'gender': 'Male', 'knownDuration': '3–5 year', 'id': 1, 'occasion': ['Graduation'], 'ageGroup': '20–25', 'gifts': [{'type': 'Edible Stuff', 'edibleQuantity': 3, 'flavours': {'Snacks': 'Spicy Chili', 'Cake': 'Vanilla'}, 'foodItems': ['Cake', 'Cola cans', 'Snacks'], 'ediblePrice': '3000–4000 PKR'}], 'relationship': 'Friend', 'ageType': 'Adult'}]",Basket with net,"{'personality': 3, 'experiencePreference': 3, 'handmadePreference': 3, 'budgetFlexibility': 3, 'stylePreference': 3, 'surpriseReaction': 3, 'connectionImportance': 3, 'noteImportance': 3, 'handmadeOverStore': 3, 'sharedMemoriesAppreciation': 3, 'relationshipCloseness': 3, 'uniqueGiftValue': 3, 'practicalOverSentimental': 3}","{'helpful': 'Maybe', 'suggestion': ''}",2025-12-23 20:31:24.585000+00:00
2,"[{'gender': 'Male', 'knownDuration': '5+ year', 'id': 1, 'occasion': ['Birthday'], 'ageGroup': '20–25', 'gifts': [{'type': 'Wallet', 'preferredStyle': ['Funny & Lighthearted'], 'walletColor': 'Camel brown', 'walletPrice': '3000–5000 PKR', 'walletStyle': 'Trifold wallets'}], 'relationship': 'Friend', 'ageType': 'Adult'}, {'gender': 'Female', 'knownDuration': '5+ year', 'id': 2, 'occasion': ['Anniversary'], 'ageGroup': '20–25', 'gifts': [{'type': 'Perfume', 'preferredStyle': ['Quirky & Unique'], 'perfumeScent': 'Floral', 'perfumePrice': '5000 PKR'}], 'relationship': 'Friend', 'ageType': 'Adult'}]",Simple box,"{'personality': '4', 'experiencePreference': '1', 'handmadePreference': '3', 'budgetFlexibility': 3, 'stylePreference': '5', 'surpriseReaction': '4', 'connectionImportance': '5', 'noteImportance': '5', 'handmadeOverStore': '2', 'sharedMemoriesAppreciation': '4', 'relationshipCloseness': '5', 'uniqueGiftValue': '5', 'practicalOverSentimental': '1'}","{'helpful': 'Maybe', 'suggestion': ''}",2026-01-01 11:49:38.690000+00:00
1,"[{'gender': 'Female', 'knownDuration': 'Less than a year', 'id': 1, 'occasion': ['Birthday'], 'ageGroup': '25–35', 'gifts': [{'type': 'Shoes', 'preferredStyle': ['Quirky & Unique'], 'shoePrice': '5000 PKR', 'shoeStyle': 'Formal shoes', 'shoeColor': 'Black', 'shoeSize': '38'}], 'relationship': 'Close Family(Parent, Sibling, Child)', 'ageType': 'Adult'}]",Basket with net,"{'personality': 3, 'experiencePreference': 3, 'handmadePreference': 3, 'budgetFlexibility': 3, 'stylePreference': 3, 'surpriseReaction': 3, 'connectionImportance': 3, 'noteImportance': 3, 'handmadeOverStore': 3, 'sharedMemoriesAppreciation': 3, 'relationshipCloseness': 3, 'uniqueGiftValue': 3, 'practicalOverSentimental': 3}","{'helpful': 'Yes', 'suggestion': ''}",2026-01-01 08:58:57.834000+00:00
1,"[{'gender': 'Female', 'knownDuration': '5+ year', 'id': 1, 'occasion': ['Birthday'], 'ageGroup': '16–20', 'gifts': [{'type': 'Clothing', 'preferredStyle': ['Quirky & Unique'], 'femaleDressStyle': 'Shalwar', 'dressSize': 'L', 'dressColors': ['Black'], 'dressType': 'Stitched dress', 'dressPrice': '15,000–20,000 PKR'}], 'relationship': 'Close Family(Parent, Sibling, Child)', 'ageType': 'Adult'}]",Basket with ribbon,"{'personality': 3, 'experiencePreference': 3, 'handmadePreference': 3, 'budgetFlexibility': 3, 'stylePreference': 3, 'surpriseReaction': 3, 'connectionImportance': 3, 'noteImportance': 3, 'handmadeOverStore': 3, 'sharedMemoriesAppreciation': 3, 'relationshipCloseness': 3, 'uniqueGiftValue': 3, 'practicalOverSentimental': 3}","{'helpful': 'Maybe', 'suggestion': 'Nothing '}",2026-04-08 07:45:02.373000+00:00
1,"[{'gender': 'Female', 'knownDuration': '5+ year', 'id': 1, 'occasion': ['Other'], 'ageGroup': '25–35', 'gifts': [{'type': 'Jewellery', 'preferredStyle': ['Handmade & Crafted', 'Funny & Lighthearted', 'Quirky & Unique'], 'jewelryColor': 'Silver', 'quantity': 1, 'jewelryStyle': 'Earrings', 'jewelryPrice': 'More than 5000 PKR'}], 'relationship': 'Friend', 'ageType': 'Adult'}]",Basket with net,"{'personality': 3, 'experiencePreference': 3, 'handmadePreference': 3, 'budgetFlexibility': 3, 'stylePreference': 3, 'surpriseReaction': 3, 'connectionImportance': 3, 'noteImportance': 3, 'handmadeOverStore': 3, 'sharedMemoriesAppreciation': 3, 'relationshipCloseness': 3, 'uniqueGiftValue': 3, 'practicalOverSentimental': 3}","{'helpful': 'Yes', 'suggestion': ''}",2026-03-13 22:13:01.909000+00:00
2,"[{'gender': 'Male', 'knownDuration': '5+ year', 'id': 1, 'occasion': ['Wedding/Engagement gift'], 'ageGroup': '20–25', 'gifts': [{'type': 'Perfume', 'preferredStyle': ['Handmade & Crafted', 'Funny & Lighthearted'], 'perfumeScent': 'Sweet', 'perfumePrice': '5000–7000 PKR'}], 'relationship': 'Friend', 'ageType': 'Adult'}, {'gender': 'Female', 'knownDuration': '5+ year', 'id': 2, 'occasion': ['Thank you gift'], 'ageGroup': 'More than 35 years', 'gifts': [{'type': 'Bag/Wallet', 'preferredStyle': ['Quirky & Unique'], 'walletColor': 'Black', 'walletPrice': '10,000–15,000 PKR', 'walletStyle': 'Handbags'}], 'relationship': 'Extended Family (Aunt, Uncle, Cousin)', 'ageType': 'Adult'}]",Basket with ribbon,"{'personality': '1', 'experiencePreference': '4', 'handmadePreference': '3', 'budgetFlexibility': '2', 'stylePreference': 3, 'surpriseReaction': 3, 'connectionImportance': '5', 'noteImportance': '2', 'handmadeOverStore': '4', 'sharedMemoriesAppreciation': '5', 'relationshipCloseness': 3, 'uniqueGiftValue': '2', 'practicalOverSentimental': '4'}","{'helpful': 'Yes', 'suggestion': ''}",2025-12-24 12:38:27.609000+00:00
1,"[{'gender': 'Male', 'knownDuration': '1–3 year', 'id': 1, 'occasion': ['Thank you gift'], 'ageGroup': '25–35', 'gifts': [{'type': 'Shoes', 'preferredStyle': ['Handmade & Crafted'], 'shoePrice': '10,000–15,000 PKR', 'shoeStyle': 'Formal shoes', 'shoeColor': 'Black', 'shoeSize': '40'}], 'relationship': 'Spouse', 'ageType': 'Adult'}]",Simple box,"{'personality': '2', 'experiencePreference': '4', 'handmadePreference': '4', 'budgetFlexibility': 3, 'stylePreference': '4', 'surpriseReaction': '4', 'connectionImportance': '4', 'noteImportance': 3, 'handmadeOverStore': 3, 'sharedMemoriesAppreciation': 3, 'relationshipCloseness': '4', 'uniqueGiftValue': '5', 'practicalOverSentimental': '5'}","{'helpful': 'Yes', 'suggestion': ''}",2026-03-13 22:06:44.723000+00:00
1,"[{'gender': 'Female', 'knownDuration': '1–3 year', 'id': 1, 'occasion': ['Get well soon'], 'ageGroup': '25–35', 'gifts': [{'type': 'Jewellery', 'preferredStyle': ['Handmade & Crafted'], 'jewelryColor': 'Gold', 'quantity': 1, 'jewelryStyle': 'Pendant', 'jewelryPrice': '3000–4000 PKR'}], 'relationship': 'Colleague/Professional', 'ageType': 'Adult'}]",Acrylic box,"{'personality': 3, 'experiencePreference': '4', 'handmadePreference': 3, 'budgetFlexibility': '5', 'stylePreference': 3, 'surpriseReaction': '4', 'connectionImportance': 3, 'noteImportance': '5', 'handmadeOverStore': '5', 'sharedMemoriesAppreciation': '5', 'relationshipCloseness': '4', 'uniqueGiftValue': 3, 'practicalOverSentimental': 3}","{'helpful': 'Yes', 'suggestion': ''}",2026-03-14 10:30:35.155000+00:00
1,"[{'gender': 'Female', 'knownDuration': '5+ year', 'id': 1, 'occasion': ['Birthday'], 'ageGroup': '16–20', 'gifts': [{'type': 'Clothing', 'preferredStyle': ['Funny & Lighthearted'], 'femaleDressStyle': 'Gown', 'dressSize': 'XS', 'dressColors': ['Pink'], 'dressType': 'Stitched dress', 'dressPrice': '5000–8000 PKR'}], 'relationship': 'Friend', 'ageType': 'Adult'}]",Basket with net,"{'personality': '1', 'experiencePreference': '4', 'handmadePreference': '2', 'budgetFlexibility': '5', 'stylePreference': '4', 'surpriseReaction': '5', 'connectionImportance': '5', 'noteImportance': '4', 'handmadeOverStore': 3, 'sharedMemoriesAppreciation': '4', 'relationshipCloseness': '5', 'uniqueGiftValue': '4', 'practicalOverSentimental': '4'}","{'helpful': 'Yes', 'suggestion': 'Good'}",2026-04-08 05:20:34.491000+00:00
1,"[{'gender': 'Male', 'knownDuration': '5+ year', 'id': 1, 'occasion': ['Other'], 'ageGroup': '20–25', 'gifts': [{'type': 'Perfume', 'preferredStyle': ['Funny & Lighthearted'], 'perfumeScent': 'Sweet', 'perfumePrice': '12,000–15,000 PKR'}], 'relationship': 'Other', 'ageType': 'Adult'}]",Basket with ribbon,"{'personality': 3, 'experiencePreference': 3, 'handmadePreference': 3, 'budgetFlexibility': 3, 'stylePreference': 3, 'surpriseReaction': 3, 'connectionImportance': 3, 'noteImportance': 3, 'handmadeOverStore': 3, 'sharedMemoriesAppreciation': 3, 'relationshipCloseness': 3, 'uniqueGiftValue': 3, 'practicalOverSentimental': 3}","{'helpful': 'Yes', 'suggestion': 'Ok'}",2026-01-08 15:49:52.618000+00:00
1,"[{'gender': 'Male', 'knownDuration': '1–3 year', 'id': 1, 'occasion': ['Thank you gift'], 'ageGroup': '20–25', 'gifts': [{'type': 'Wallet', 'preferredStyle': ['Funny & Lighthearted'], 'walletColor': 'Black', 'walletEngraving': 'Only for you', 'walletPrice': '3000–5000 PKR', 'walletStyle': 'Formal bag'}, {'type': 'Wallet', 'preferredStyle': ['Handmade & Crafted'], 'walletColor': 'Black', 'walletPrice': '6000–8000 PKR', 'walletStyle': 'Travelling wallets'}], 'relationship': 'Friend', 'ageType': 'Adult'}]",Basket with ribbon,"{'personality': 3, 'experiencePreference': '1', 'handmadePreference': 3, 'budgetFlexibility': '4', 'stylePreference': '3', 'surpriseReaction': '5', 'connectionImportance': 3, 'noteImportance': '4', 'handmadeOverStore': '5', 'sharedMemoriesAppreciation': '4', 'relationshipCloseness': '4', 'uniqueGiftValue': '4', 'practicalOverSentimental': '1'}","{'helpful': 'Yes', 'suggestion': ''}",2026-01-01 11:16:15.733000+00:00
1,"[{'gender': 'Female', 'knownDuration': '1–3 year', 'id': 1, 'occasion': ['Birthday'], 'ageGroup': '20–25', 'gifts': [{'type': 'Jewellery', 'preferredStyle': ['Quirky & Unique'], 'jewelryColor': 'Gold', 'quantity': 1, 'jewelryStyle': 'Chokr', 'jewelryPrice': '1000–2000 PKR'}], 'relationship': 'Colleague/Professional', 'ageType': 'Adult'}]",Basket with ribbon,"{'personality': '4', 'experiencePreference': '4', 'handmadePreference': 3, 'budgetFlexibility': '4', 'stylePreference': '4', 'surpriseReaction': '4', 'connectionImportance': '3', 'noteImportance': '4', 'handmadeOverStore': '4', 'sharedMemoriesAppreciation': '4', 'relationshipCloseness': '4', 'uniqueGiftValue': '4', 'practicalOverSentimental': '4'}","{'helpful': 'Yes', 'suggestion': 'I don\'t think uh ""overlooked"" anything that was pretty buzzin'}",2026-03-14 09:43:49.281000+00:00
1,"[{'gender': 'Female', 'knownDuration': 'Less than a year', 'id': 1, 'occasion': ['Birthday'], 'ageGroup': '20–25', 'gifts': [{'type': 'Jewellery', 'preferredStyle': ['Handmade & Crafted'], 'jewelryColor': 'Gold', 'quantity': 1, 'jewelryStyle': 'Necklace', 'jewelryPrice': 'More than 5000 PKR'}], 'relationship': 'Spouse', 'ageType': 'Adult'}]",Acrylic box,"{'personality': '4', 'experiencePreference': '4', 'handmadePreference': '4', 'budgetFlexibility': '4', 'stylePreference': '5', 'surpriseReaction': '4', 'connectionImportance': '5', 'noteImportance': '4', 'handmadeOverStore': '4', 'sharedMemoriesAppreciation': '4', 'relationshipCloseness': '5', 'uniqueGiftValue': '5', 'practicalOverSentimental': '4'}","{'helpful': 'Maybe', 'suggestion': ''}",2026-03-13 21:32:03.475000+00:00
1,"[{'gender': 'Female', 'knownDuration': '3–5 year', 'id': 1, 'occasion': ['Graduation'], 'ageGroup': '20–25', 'gifts': [{'type': 'Perfume', 'preferredStyle': ['Quirky & Unique', 'Handmade & Crafted'], 'perfumeScent': 'Floral', 'perfumePrice': '10,000–12,000 PKR'}], 'relationship': 'Friend', 'ageType': 'Adult'}]",Basket with net,"{'personality': 3, 'experiencePreference': '5', 'handmadePreference': 3, 'budgetFlexibility': 3, 'stylePreference': 3, 'surpriseReaction': 3, 'connectionImportance': 3, 'noteImportance': '5', 'handmadeOverStore': '5', 'sharedMemoriesAppreciation': 3, 'relationshipCloseness': 3, 'uniqueGiftValue': '5', 'practicalOverSentimental': 3}","{'helpful': 'Yes', 'suggestion': ''}",2026-04-05 14:05:35.373000+00:00
1,"[{'gender': 'Female', 'knownDuration': '3–5 year', 'id': 1, 'occasion': ['Graduation'], 'ageGroup': '20–25', 'gifts': [{'type': 'Edible Stuff', 'preferredStyle': ['Handmade & Crafted'], 'edibleQuantity': 4, 'flavours': {'Chocolates': 'Dark Chocolate', 'Cupcakes': 'Chocolate', 'Jellies': 'Grape', 'Marshmellows': 'Classic Vanilla'}, 'foodItems': ['Jellies', 'Marshmellows', 'Chocolates', 'Cupcakes'], 'ediblePrice': '4000–5000 PKR'}, {'type': 'Perfume', 'preferredStyle': ['Handmade & Crafted'], 'perfumeScent': 'Spicy', 'perfumePrice': '7000–10,000 PKR'}, {'type': 'Shoes', 'preferredStyle': ['Handmade & Crafted'], 'makeupPrice': '6000–7000 PKR', 'shoeStyle': 'Formal shoes', 'shoeSize': '39', 'shoeColor': 'Blue', 'shoePrice': '10,000–15,000 PKR'}, {'type': 'Jewellery', 'preferredStyle': ['Handmade & Crafted'], 'jewelryColor': 'Gold', 'quantity': 4, 'jewelryStyle': 'Rings', 'jewelryPrice': '4000–5000 PKR'}, {'type': 'Makeup Products', 'preferredStyle': ['Handmade & Crafted'], 'makeupPrice': '7000–8000 PKR', 'makeupItem': 'Lip gloss'}], 'relationship': 'Friend', 'ageType': 'Adult'}]",Basket with net,"{'personality': '1', 'experiencePreference': '4', 'handmadePreference': '5', 'budgetFlexibility': '4', 'stylePreference': '2', 'surpriseReaction': '4', 'connectionImportance': '5', 'noteImportance': '4', 'handmadeOverStore': '4', 'sharedMemoriesAppreciation': '4', 'relationshipCloseness': '5', 'uniqueGiftValue': '2', 'practicalOverSentimental': '4'}","{'helpful': 'No', 'suggestion': 'None'}",2026-03-14 04:11:47.623000+00:00
1,"[{'gender': 'Male', 'knownDuration': '3–5 year', 'id': 1, 'occasion': ['Birthday'], 'ageGroup': 'More than 35 years', 'gifts': [{'type': 'Jewellery', 'preferredStyle': ['Funny & Lighthearted'], 'jewelryColor': 'Silver', 'quantity': 1, 'jewelryStyle': 'Wrist bands', 'jewelryPrice': '4000–5000 PKR'}], 'relationship': 'Close Family(Parent, Sibling, Child)', 'ageType': 'Adult'}]",Acrylic box,"{'personality': '2', 'experiencePreference': '2', 'handmadePreference': '4', 'budgetFlexibility': '1', 'stylePreference': '1', 'surpriseReaction': '1', 'connectionImportance': '4', 'noteImportance': '4', 'handmadeOverStore': '1', 'sharedMemoriesAppreciation': '1', 'relationshipCloseness': '5', 'uniqueGiftValue': '2', 'practicalOverSentimental': '4'}","{'helpful': 'Maybe', 'suggestion': ''}",2026-01-01 07:04:05.236000+00:00
1,"[{'gender': 'Female', 'knownDuration': '1–3 year', 'id': 1, 'occasion': ['Birthday'], 'ageGroup': '20–25', 'gifts': [{'type': 'Jewellery', 'preferredStyle': ['Quirky & Unique'], 'jewelryColor': 'Gold', 'quantity': 1, 'jewelryStyle': 'Bracelet', 'jewelryPrice': '2000–3000 PKR'}, {'type': 'Perfume', 'preferredStyle': ['Handmade & Crafted'], 'perfumeScent': 'Floral', 'perfumePrice': '5000 PKR'}], 'relationship': 'Close Family(Parent, Sibling, Child)', 'ageType': 'Adult'}]",Acrylic box,"{'personality': '5', 'experiencePreference': '4', 'handmadePreference': '5', 'budgetFlexibility': '5', 'stylePreference': '4', 'surpriseReaction': '5', 'connectionImportance': '4', 'noteImportance': '5', 'handmadeOverStore': '5', 'sharedMemoriesAppreciation': '4', 'relationshipCloseness': '5', 'uniqueGiftValue': '5', 'practicalOverSentimental': '4'}","{'helpful': 'Yes', 'suggestion': ''}",2026-04-08 07:40:03.575000+00:00
1,"[{'gender': 'Male', 'knownDuration': '5+ year', 'id': 1, 'occasion': ['Birthday'], 'ageGroup': '25–35', 'gifts': [{'type': 'Clothing', 'preferredStyle': ['Funny & Lighthearted'], 'dressPieces': 'Two-piece', 'dressColors': ['Red'], 'dressType': 'Unstitched dress', 'dressPrice': '5000 PKR'}], 'relationship': 'Close Family(Parent, Sibling, Child)', 'ageType': 'Adult'}]",Simple box,"{'personality': 3, 'experiencePreference': 3, 'handmadePreference': 3, 'budgetFlexibility': 3, 'stylePreference': 3, 'surpriseReaction': 3, 'connectionImportance': 3, 'noteImportance': 3, 'handmadeOverStore': 3, 'sharedMemoriesAppreciation': 3, 'relationshipCloseness': 3, 'uniqueGiftValue': 3, 'practicalOverSentimental': 3}","{'helpful': 'No', 'suggestion': ''}",2026-01-08 14:44:29.355000+00:00
1,"[{'gender': 'Female', 'knownDuration': '1–3 year', 'id': 1, 'occasion': ['Birthday'], 'ageGroup': '20–25', 'gifts': [{'type': 'Jewellery', 'preferredStyle': ['Handmade & Crafted', 'Quirky & Unique', 'Funny & Lighthearted'], 'jewelryColor': 'Gold', 'quantity': 1, 'jewelryStyle': 'Necklace', 'jewelryPrice': '1000–2000 PKR'}], 'relationship': 'Friend', 'ageType': 'Adult'}]",Acrylic box,"{'personality': '5', 'experiencePreference': '5', 'handmadePreference': '5', 'budgetFlexibility': '5', 'stylePreference': '5', 'surpriseReaction': '5', 'connectionImportance': '5', 'noteImportance': '5', 'handmadeOverStore': '5', 'sharedMemoriesAppreciation': '5', 'relationshipCloseness': '5', 'uniqueGiftValue': '5', 'practicalOverSentimental': '5'}","{'helpful': 'Yes', 'suggestion': ''}",2026-04-08 07:38:49.740000+00:00
1,"[{'gender': 'Female', 'knownDuration': '5+ year', 'id': 1, 'occasion': ['Birthday'], 'ageGroup': '25–35', 'gifts': [{'type': 'Clothing', 'preferredStyle': ['Handmade & Crafted'], 'dressPieces': 'Three-piece', 'dressColors': ['Maroon'], 'dressType': 'Unstitched dress', 'dressPrice': '5000–8000 PKR'}], 'relationship': 'Close Family(Parent, Sibling, Child)', 'ageType': 'Adult'}]",Basket with ribbon,"{'personality': '4', 'experiencePreference': '3', 'handmadePreference': 3, 'budgetFlexibility': 3, 'stylePreference': '2', 'surpriseReaction': '5', 'connectionImportance': '5', 'noteImportance': 3, 'handmadeOverStore': 3, 'sharedMemoriesAppreciation': 3, 'relationshipCloseness': '5', 'uniqueGiftValue': 3, 'practicalOverSentimental': 3}","{'helpful': 'Yes', 'suggestion': ''}",2026-01-01 14:50:37.029000+00:00
1,"[{'gender': 'Female', 'knownDuration': '5+ year', 'id': 1, 'occasion': ['Wedding/Engagement gift', 'Graduation', 'Anniversary', 'Get well soon'], 'ageGroup': '16–20', 'gifts': [{'type': 'Makeup Products', 'preferredStyle': ['Quirky & Unique'], 'makeupPrice': '10,000–15,000 PKR', 'makeupItem': 'Face Mask (skincare)'}], 'relationship': 'Spouse', 'ageType': 'Adult'}]",Simple box,"{'personality': '5', 'experiencePreference': '1', 'handmadePreference': '1', 'budgetFlexibility': '1', 'stylePreference': '1', 'surpriseReaction': '5', 'connectionImportance': '5', 'noteImportance': '1', 'handmadeOverStore': '1', 'sharedMemoriesAppreciation': '1', 'relationshipCloseness': '1', 'uniqueGiftValue': '1', 'practicalOverSentimental': '1'}","{'helpful': 'No', 'suggestion': 'How is this a final year project ?'}",2026-04-08 05:21:50.356000+00:00
2,"[{'gender': 'Male', 'knownDuration': '5+ year', 'id': 1, 'occasion': ['Graduation'], 'ageGroup': '20–25', 'gifts': [{'type': 'Shoes', 'preferredStyle': ['Quirky & Unique'], 'shoePrice': '5000–10,000 PKR', 'shoeStyle': 'Loafers', 'shoeColor': 'Light brown', 'shoeSize': '41'}], 'relationship': 'Friend', 'ageType': 'Adult'}, {'gender': 'Male', 'knownDuration': '5+ year', 'id': 2, 'occasion': ['Graduation'], 'ageGroup': '20–25', 'gifts': [{'type': 'Jewellery', 'preferredStyle': ['Quirky & Unique'], 'jewelryColor': 'Silver', 'quantity': 1, 'jewelryStyle': 'Rings', 'jewelryPrice': '3000–4000 PKR'}], 'relationship': 'Friend', 'ageType': 'Adult'}]",Acrylic box,"{'personality': 3, 'experiencePreference': 3, 'handmadePreference': 3, 'budgetFlexibility': 3, 'stylePreference': 3, 'surpriseReaction': 3, 'connectionImportance': 3, 'noteImportance': 3, 'handmadeOverStore': 3, 'sharedMemoriesAppreciation': 3, 'relationshipCloseness': 3, 'uniqueGiftValue': 3, 'practicalOverSentimental': 3}","{'helpful': 'Yes', 'suggestion': 'Hi'}",2026-01-01 08:13:40.825000+00:00
2,"[{'gender': 'Female', 'knownDuration': '1–3 year', 'id': 1, 'occasion': ['Thank you gift'], 'ageGroup': '20–25', 'gifts': [{'type': 'Perfume', 'preferredStyle': ['Handmade & Crafted'], 'perfumeScent': 'Floral', 'perfumePrice': '7000–10,000 PKR'}, {'type': 'Perfume', 'preferredStyle': ['Handmade & Crafted'], 'perfumeScent': 'Floral', 'perfumePrice': '7000–10,000 PKR'}, {'type': 'Perfume', 'preferredStyle': ['Handmade & Crafted'], 'perfumeScent': 'Sweet', 'perfumePrice': '5000–7000 PKR'}], 'relationship': 'Friend', 'ageType': 'Adult'}, {'gender': 'Female', 'knownDuration': '3–5 year', 'id': 2, 'occasion': ['Thank you gift'], 'ageGroup': '20–25', 'gifts': [{'type': 'Perfume', 'preferredStyle': ['Handmade & Crafted'], 'perfumeScent': 'Floral', 'perfumePrice': '5000–7000 PKR'}], 'relationship': 'Friend', 'ageType': 'Adult'}]",Acrylic box,"{'personality': 3, 'experiencePreference': 3, 'handmadePreference': 3, 'budgetFlexibility': 3, 'stylePreference': 3, 'surpriseReaction': 3, 'connectionImportance': 3, 'noteImportance': 3, 'handmadeOverStore': 3, 'sharedMemoriesAppreciation': 3, 'relationshipCloseness': 3, 'uniqueGiftValue': 3, 'practicalOverSentimental': 3}","{'helpful': 'Yes', 'suggestion': ''}",2026-01-08 16:06:31.580000+00:00
1,"[{'gender': 'Female', 'knownDuration': '1–3 year', 'id': 1, 'occasion': ['Birthday'], 'ageGroup': '16–20', 'gifts': [{'type': 'Shoes', 'preferredStyle': ['Handmade & Crafted'], 'shoePrice': '5000 PKR', 'shoeStyle': 'Formal shoes', 'shoeColor': 'Black', 'shoeSize': '40'}], 'relationship': 'Spouse', 'ageType': 'Adult'}]",Basket with net,"{'personality': '1', 'experiencePreference': 3, 'handmadePreference': 3, 'budgetFlexibility': 3, 'stylePreference': 3, 'surpriseReaction': 3, 'connectionImportance': 3, 'noteImportance': 3, 'handmadeOverStore': 3, 'sharedMemoriesAppreciation': 3, 'relationshipCloseness': 3, 'uniqueGiftValue': 3, 'practicalOverSentimental': 3}","{'helpful': 'Yes', 'suggestion': ''}",2026-04-08 07:45:54.960000+00:00
1,"[{'gender': 'Female', 'knownDuration': '1–3 year', 'id': 1, 'occasion': ['Birthday'], 'ageGroup': '20–25', 'gifts': [{'type': 'Makeup Products', 'preferredStyle': ['Funny & Lighthearted', 'Handmade & Crafted'], 'makeupPrice': '5000–6000 PKR', 'makeupItem': 'Highlighter'}], 'relationship': 'Close Family(Parent, Sibling, Child)', 'ageType': 'Adult'}]",Simple box,"{'personality': '5', 'experiencePreference': 3, 'handmadePreference': 3, 'budgetFlexibility': 3, 'stylePreference': 3, 'surpriseReaction': 3, 'connectionImportance': '5', 'noteImportance': 3, 'handmadeOverStore': 3, 'sharedMemoriesAppreciation': 3, 'relationshipCloseness': '5', 'uniqueGiftValue': 3, 'practicalOverSentimental': 3}","{'helpful': 'Yes', 'suggestion': ''}",2026-01-01 11:30:19.074000+00:00
1,"[{'gender': 'Female', 'knownDuration': '', 'id': 1, 'kidToyTypes': ['Dolls', 'Arts & Crafts', 'Building Toys (e.g. LEGO)'], 'kidDislikes': ['Noisy Toys', 'Messy Crafts'], 'occasion': ['Birthday'], 'ageGroup': '6–9', 'gifts': [{'type': 'Perfume', 'perfumeScent': 'Floral', 'perfumeBudget': '1500–2000 PKR'}], 'relationship': 'Extended Family (Aunt, Uncle, Cousin)', 'ageType': 'Kid'}]",Acrylic box,"{'personality': 3, 'experiencePreference': 3, 'handmadePreference': 3, 'budgetFlexibility': 3, 'stylePreference': 3, 'surpriseReaction': 3, 'connectionImportance': 3, 'noteImportance': 3, 'handmadeOverStore': '5', 'sharedMemoriesAppreciation': 3, 'relationshipCloseness': 3, 'uniqueGiftValue': 3, 'practicalOverSentimental': 3}","{'helpful': 'Yes', 'suggestion': ''}",2026-04-04 20:41:41.593000+00:00
1,"[{'gender': 'Female', 'knownDuration': '5+ year', 'id': 1, 'occasion': ['Birthday'], 'ageGroup': 'More than 35 years', 'gifts': [{'type': 'Bag/Wallet', 'preferredStyle': ['Quirky & Unique'], 'walletColor': 'Black', 'walletPrice': '20,000–25,000 PKR', 'walletStyle': 'Handbags'}], 'relationship': 'Close Family(Parent, Sibling, Child)', 'ageType': 'Adult'}]",Acrylic box,"{'personality': '1', 'experiencePreference': 3, 'handmadePreference': '5', 'budgetFlexibility': 3, 'stylePreference': 3, 'surpriseReaction': 3, 'connectionImportance': '5', 'noteImportance': 3, 'handmadeOverStore': '3', 'sharedMemoriesAppreciation': 3, 'relationshipCloseness': 3, 'uniqueGiftValue': 3, 'practicalOverSentimental': 3}","{'helpful': 'No', 'suggestion': ''}",2026-01-08 15:56:29.249000+00:00
1,"[{'gender': 'Male', 'knownDuration': '3–5 year', 'id': 1, 'occasion': ['Birthday', 'Other'], 'ageGroup': '20–25', 'gifts': [{'type': 'Perfume', 'preferredStyle': ['Handmade & Crafted'], 'perfumeScent': 'Spicy', 'perfumePrice': '5000 PKR'}], 'relationship': 'Friend', 'ageType': 'Adult'}]",Acrylic box,"{'personality': '3', 'experiencePreference': 3, 'handmadePreference': '4', 'budgetFlexibility': 3, 'stylePreference': '2', 'surpriseReaction': '4', 'connectionImportance': '5', 'noteImportance': '2', 'handmadeOverStore': 3, 'sharedMemoriesAppreciation': '4', 'relationshipCloseness': '5', 'uniqueGiftValue': '4', 'practicalOverSentimental': '3'}","{'helpful': 'Maybe', 'suggestion': ''}",2026-03-13 22:30:28.090000+00:00
1,"[{'gender': 'Female', 'knownDuration': 'Less than a year', 'id': 1, 'occasion': ['Anniversary'], 'ageGroup': '20–25', 'gifts': [{'type': 'Edible Stuff', 'preferredStyle': ['Handmade & Crafted'], 'edibleQuantity': 1, 'flavours': {'Cake': 'Black Forest'}, 'foodItems': ['Cake'], 'ediblePrice': '4000–5000 PKR'}], 'relationship': 'Friend', 'ageType': 'Adult'}]",Acrylic box,"{'personality': 3, 'experiencePreference': 3, 'handmadePreference': 3, 'budgetFlexibility': 3, 'stylePreference': 3, 'surpriseReaction': 3, 'connectionImportance': 3, 'noteImportance': 3, 'handmadeOverStore': 3, 'sharedMemoriesAppreciation': 3, 'relationshipCloseness': 3, 'uniqueGiftValue': 3, 'practicalOverSentimental': 3}","{'helpful': 'Yes', 'suggestion': ''}",2026-04-05 14:24:26.616000+00:00
1,"[{'gender': 'Female', 'knownDuration': '5+ year', 'id': 1, 'occasion': ['Anniversary'], 'ageGroup': '25–35', 'gifts': [{'type': 'Clothing', 'preferredStyle': ['Quirky & Unique'], 'dressPieces': 'Three-piece', 'dressColors': ['Pink', 'Yellow', 'Black', 'White', 'Grey'], 'dressType': 'Unstitched dress', 'dressPrice': '10,000–15,000 PKR'}, {'type': 'Perfume', 'preferredStyle': ['Quirky & Unique'], 'perfumeScent': 'Floral', 'perfumePrice': '10,000–12,000 PKR'}, {'type': 'Bag/Wallet', 'preferredStyle': ['Quirky & Unique'], 'walletColor': 'Black', 'walletEngraving': '', 'walletPrice': '5000–10,000 PKR', 'walletStyle': 'Handbags'}, {'type': 'Makeup Products', 'preferredStyle': ['Funny & Lighthearted', 'Quirky & Unique'], 'makeupPrice': '10,000–15,000 PKR', 'makeupItem': 'Face Mask (skincare)'}, {'type': 'Jewellery', 'preferredStyle': ['Quirky & Unique'], 'jewelryColor': 'Gold', 'quantity': 1, 'jewelryStyle': 'Rings', 'jewelryPrice': 'More than 5000 PKR'}, {'type': 'Shoes', 'shoeColor': 'Black', 'shoeSize': '41', 'shoeStyle': 'Heels', 'shoePrice': '10,000–15,000 PKR'}, {'type': 'Makeup Products', 'preferredStyle': ['Quirky & Unique'], 'makeupItem': 'Foundation', 'makeupPrice': '10,000–15,000 PKR'}, {'type': 'Makeup Products', 'preferredStyle': ['Quirky & Unique'], 'makeupItem': 'Eyeshadow kit', 'makeupPrice': '10,000–15,000 PKR'}, {'type': 'Makeup Products', 'preferredStyle': ['Quirky & Unique'], 'makeupPrice': '10,000–15,000 PKR', 'makeupItem': 'Lip gloss'}, {'type': 'Makeup Products', 'preferredStyle': ['Quirky & Unique'], 'makeupPrice': '10,000–15,000 PKR', 'makeupItem': 'Mascara'}], 'relationship': 'Extended Family (Aunt, Uncle, Cousin)', 'ageType': 'Adult'}]",Simple box,"{'personality': '3', 'experiencePreference': '1', 'handmadePreference': '3', 'budgetFlexibility': '5', 'stylePreference': '2', 'surpriseReaction': '5', 'connectionImportance': '5', 'noteImportance': '5', 'handmadeOverStore': '2', 'sharedMemoriesAppreciation': '5', 'relationshipCloseness': '5', 'uniqueGiftValue': '5', 'practicalOverSentimental': '5'}","{'helpful': 'Yes', 'suggestion': 'Add lipstick,'}",2026-04-08 05:24:58.019000+00:00
4,"[{'gender': 'Male', 'knownDuration': '1–3 year', 'id': 1, 'occasion': ['Birthday', 'Anniversary', 'Holiday', 'Wedding/Engagement gift', 'Graduation', 'Thank you gift', 'Get well soon'], 'ageGroup': '20–25', 'gifts': [{'type': 'Perfume', 'preferredStyle': ['Handmade & Crafted', 'Quirky & Unique', 'Funny & Lighthearted'], 'perfumeScent': 'Spicy', 'perfumePrice': '5000 PKR'}, {'type': 'Clothing', 'preferredStyle': ['Handmade & Crafted', 'Quirky & Unique'], 'dressSize': 'M', 'maleDressStyle': 'Shalwar kameez', 'dressColors': ['Green', 'Black', 'Blue', 'Yellow', 'White'], 'dressType': 'Stitched dress', 'dressPrice': '8000–10,000 PKR'}], 'relationship': 'Friend', 'ageType': 'Adult'}, {'gender': 'Male', 'knownDuration': '1–3 year', 'id': 2, 'occasion': ['Birthday', 'Anniversary'], 'ageGroup': '20–25', 'gifts': [{'type': 'Shoes', 'preferredStyle': ['Handmade & Crafted'], 'shoePrice': '5000 PKR', 'shoeStyle': 'Sandals', 'shoeColor': 'Light brown', 'shoeSize': '41'}], 'relationship': 'Extended Family (Aunt, Uncle, Cousin)', 'ageType': 'Adult'}, {'gender': 'Female', 'knownDuration': 'Less than a year', 'id': 3, 'occasion': ['Anniversary'], 'ageGroup': '20–25', 'gifts': [{'type': 'Perfume', 'preferredStyle': ['Quirky & Unique'], 'perfumeScent': 'Floral', 'perfumePrice': '5000–7000 PKR'}], 'relationship': 'Friend', 'ageType': 'Adult'}, {'gender': 'Male', 'knownDuration': 'Less than a year', 'id': 4, 'occasion': ['Holiday'], 'ageGroup': '25–35', 'gifts': [{'type': 'Edible Stuff', 'preferredStyle': ['Handmade & Crafted'], 'edibleQuantity': 1, 'flavours': {'Chocolates': 'Milk Chocolate'}, 'foodItems': ['Chocolates'], 'ediblePrice': '1000–2000 PKR'}], 'relationship': 'Extended Family (Aunt, Uncle, Cousin)', 'ageType': 'Adult'}]",Basket with net,"{'personality': 3, 'experiencePreference': 3, 'handmadePreference': 3, 'budgetFlexibility': 3, 'stylePreference': 3, 'surpriseReaction': 3, 'connectionImportance': 3, 'noteImportance': 3, 'handmadeOverStore': 3, 'sharedMemoriesAppreciation': 3, 'relationshipCloseness': 3, 'uniqueGiftValue': 3, 'practicalOverSentimental': 3}","{'helpful': 'Yes', 'suggestion': ''}",2025-12-23 21:14:42.243000+00:00
1,"[{'gender': 'Male', 'knownDuration': '3–5 year', 'id': 1, 'occasion': ['Other'], 'ageGroup': 'More than 35 years', 'gifts': [{'type': 'Edible Stuff', 'preferredStyle': ['Handmade & Crafted'], 'edibleQuantity': 1, 'flavours': {'Brownie': 'Classic Fudge'}, 'foodItems': ['Brownie'], 'ediblePrice': '5000–6000 PKR'}], 'relationship': 'Colleague/Professional', 'ageType': 'Adult'}]",Simple box,"{'personality': 3, 'experiencePreference': 3, 'handmadePreference': 3, 'budgetFlexibility': 3, 'stylePreference': 3, 'surpriseReaction': 3, 'connectionImportance': 3, 'noteImportance': 3, 'handmadeOverStore': 3, 'sharedMemoriesAppreciation': 3, 'relationshipCloseness': 3, 'uniqueGiftValue': 3, 'practicalOverSentimental': 3}","{'helpful': 'Yes', 'suggestion': ''}",2026-04-05 14:30:42.517000+00:00
1,"[{'gender': 'Female', 'knownDuration': '5+ year', 'id': 1, 'occasion': ['Birthday'], 'ageGroup': '20–25', 'gifts': [{'type': 'Perfume', 'preferredStyle': ['Handmade & Crafted'], 'perfumeScent': 'Floral', 'perfumePrice': '7000–10,000 PKR'}, {'type': 'Bag/Wallet', 'preferredStyle': ['Handmade & Crafted'], 'walletColor': 'Black', 'walletPrice': '5000–10,000 PKR', 'walletStyle': 'Handbags'}], 'relationship': 'Other', 'ageType': 'Adult'}]",Basket with ribbon,"{'personality': '4', 'experiencePreference': '3', 'handmadePreference': '5', 'budgetFlexibility': '4', 'stylePreference': 3, 'surpriseReaction': '5', 'connectionImportance': '5', 'noteImportance': '5', 'handmadeOverStore': '4', 'sharedMemoriesAppreciation': '4', 'relationshipCloseness': '5', 'uniqueGiftValue': '5', 'practicalOverSentimental': '5'}","{'helpful': 'Yes', 'suggestion': ''}",2026-03-13 21:52:50.976000+00:00
1,"[{'gender': 'Female', 'knownDuration': 'Less than a year', 'id': 1, 'occasion': ['Anniversary'], 'ageGroup': '16–20', 'gifts': [{'type': 'Bag/Wallet', 'preferredStyle': ['Handmade & Crafted'], 'walletColor': 'Black', 'walletPrice': '10,000–15,000 PKR', 'walletStyle': 'Tote bags'}], 'relationship': 'Spouse', 'ageType': 'Adult'}]",Basket with ribbon,"{'personality': 3, 'experiencePreference': 3, 'handmadePreference': 3, 'budgetFlexibility': 3, 'stylePreference': 3, 'surpriseReaction': 3, 'connectionImportance': 3, 'noteImportance': 3, 'handmadeOverStore': 3, 'sharedMemoriesAppreciation': 3, 'relationshipCloseness': 3, 'uniqueGiftValue': 3, 'practicalOverSentimental': 3}","{'helpful': 'Yes', 'suggestion': ""Everything's good""}",2026-04-08 07:38:00.464000+00:00
3,"[{'gender': 'Female', 'knownDuration': '5+ year', 'id': 1, 'occasion': ['Birthday'], 'ageGroup': '20–25', 'gifts': [{'type': 'Jewellery', 'preferredStyle': ['Handmade & Crafted'], 'jewelryColor': 'Gold', 'quantity': 1, 'jewelryStyle': 'Necklace', 'jewelryPrice': 'More than 5000 PKR'}], 'relationship': 'Close Family(Parent, Sibling, Child)', 'ageType': 'Adult'}, {'gender': 'Female', 'knownDuration': '1–3 year', 'id': 2, 'occasion': ['Birthday'], 'ageGroup': '25–35', 'gifts': [{'type': 'Perfume', 'preferredStyle': ['Quirky & Unique'], 'perfumeScent': 'Floral', 'perfumePrice': '5000–7000 PKR'}], 'relationship': 'Friend', 'ageType': 'Adult'}, {'gender': 'Female', 'knownDuration': '1–3 year', 'id': 3, 'occasion': ['Birthday'], 'ageGroup': '20–25', 'gifts': [{'type': 'Jewellery', 'preferredStyle': ['Funny & Lighthearted'], 'jewelryColor': 'Gold', 'quantity': 1, 'jewelryStyle': 'Chokr', 'jewelryPrice': '3000–4000 PKR'}], 'relationship': 'Friend', 'ageType': 'Adult'}]",Basket with ribbon,"{'personality': '5', 'experiencePreference': 3, 'handmadePreference': '3', 'budgetFlexibility': 3, 'stylePreference': '3', 'surpriseReaction': '3', 'connectionImportance': '5', 'noteImportance': '4', 'handmadeOverStore': '4', 'sharedMemoriesAppreciation': '4', 'relationshipCloseness': 3, 'uniqueGiftValue': '4', 'practicalOverSentimental': '3'}","{'helpful': 'Yes', 'suggestion': ''}",2026-04-08 07:40:13.981000+00:00
1,"[{'gender': 'Female', 'knownDuration': '5+ year', 'id': 1, 'occasion': ['Anniversary'], 'ageGroup': '20–25', 'gifts': [{'type': 'Makeup Products', 'preferredStyle': ['Handmade & Crafted'], 'makeupPrice': '5000–6000 PKR', 'makeupItem': 'Face Mask (skincare)'}], 'relationship': 'Colleague/Professional', 'ageType': 'Adult'}]",Acrylic box,"{'personality': 3, 'experiencePreference': 3, 'handmadePreference': 3, 'budgetFlexibility': 3, 'stylePreference': 3, 'surpriseReaction': 3, 'connectionImportance': 3, 'noteImportance': 3, 'handmadeOverStore': 3, 'sharedMemoriesAppreciation': 3, 'relationshipCloseness': 3, 'uniqueGiftValue': 3, 'practicalOverSentimental': 3}","{'helpful': 'Yes', 'suggestion': ''}",2026-03-14 10:32:54.797000+00:00
1,"[{'gender': 'Male', 'knownDuration': '5+ year', 'id': 1, 'occasion': ['Birthday'], 'ageGroup': '20–25', 'gifts': [{'type': 'Edible Stuff', 'preferredStyle': ['Quirky & Unique'], 'edibleQuantity': 1, 'flavours': {'Chocolates': 'Milk Chocolate'}, 'foodItems': ['Chocolates'], 'ediblePrice': '3000–4000 PKR'}, {'type': 'Clothing', 'preferredStyle': ['Quirky & Unique'], 'dressSize': 'M', 'maleDressStyle': 'Waistcoats', 'dressColors': ['Black'], 'dressType': 'Stitched dress', 'dressPrice': '5000 PKR'}, {'type': 'Shoes', 'preferredStyle': ['Handmade & Crafted'], 'shoePrice': '5000–10,000 PKR', 'shoeStyle': 'Formal shoes', 'shoeColor': 'Black', 'shoeSize': '42'}], 'relationship': 'Friend', 'ageType': 'Adult'}]",Basket with ribbon,"{'personality': 3, 'experiencePreference': '5', 'handmadePreference': '5', 'budgetFlexibility': '5', 'stylePreference': '5', 'surpriseReaction': '5', 'connectionImportance': '5', 'noteImportance': '5', 'handmadeOverStore': '5', 'sharedMemoriesAppreciation': '5', 'relationshipCloseness': '5', 'uniqueGiftValue': '5', 'practicalOverSentimental': '5'}","{'helpful': 'Yes', 'suggestion': ''}",2026-01-01 07:35:38.839000+00:00
1,"[{'gender': 'Male', 'knownDuration': '1–3 year', 'id': 1, 'occasion': ['Birthday'], 'ageGroup': '20–25', 'gifts': [{'type': 'Perfume', 'preferredStyle': ['Handmade & Crafted'], 'perfumeScent': 'Floral', 'perfumePrice': '12,000–15,000 PKR'}], 'relationship': 'Friend', 'ageType': 'Adult'}]",Basket with net,"{'personality': 3, 'experiencePreference': 3, 'handmadePreference': 3, 'budgetFlexibility': 3, 'stylePreference': 3, 'surpriseReaction': 3, 'connectionImportance': 3, 'noteImportance': 3, 'handmadeOverStore': 3, 'sharedMemoriesAppreciation': 3, 'relationshipCloseness': 3, 'uniqueGiftValue': 3, 'practicalOverSentimental': 3}","{'helpful': 'Yes', 'suggestion': ''}",2026-01-01 07:36:14.088000+00:00
2,"[{'gender': 'Female', 'knownDuration': '5+ year', 'id': 1, 'occasion': ['Other'], 'ageGroup': '25–35', 'gifts': [{'type': 'Edible Stuff', 'preferredStyle': ['Funny & Lighthearted', 'Handmade & Crafted'], 'edibleQuantity': 6, 'flavours': {'Popcorns': 'Spicy', 'Snacks': 'Barbecue', 'Cake': 'Vanilla', 'Cupcakes': 'Chocolate', 'Jellies': 'Orange', 'Marshmellows': 'Classic Vanilla'}, 'foodItems': ['Marshmellows', 'Jellies', 'Cake', 'Cupcakes', 'Snacks', 'Popcorns'], 'ediblePrice': '6000–7000 PKR'}, {'type': 'Clothing', 'perfumeScent': 'Spicy', 'dressPieces': 'Two-piece', 'dressColors': ['Yellow'], 'perfumePrice': '10,000–12,000 PKR', 'preferredStyle': ['Handmade & Crafted', 'Quirky & Unique'], 'dressPrice': '5000–8000 PKR', 'dressType': 'Unstitched dress'}], 'relationship': 'Friend', 'ageType': 'Adult'}, {'gender': 'Female', 'knownDuration': 'Less than a year', 'id': 2, 'occasion': ['Thank you gift'], 'ageGroup': '16–20', 'gifts': [{'type': 'Jewellery', 'preferredStyle': ['Handmade & Crafted'], 'jewelryColor': 'Silver', 'quantity': 1, 'jewelryStyle': 'Chokr', 'jewelryPrice': '4000–5000 PKR'}], 'relationship': 'Friend', 'ageType': 'Adult'}]",Basket with ribbon,"{'personality': '5', 'experiencePreference': 3, 'handmadePreference': 3, 'budgetFlexibility': 3, 'stylePreference': 3, 'surpriseReaction': 3, 'connectionImportance': 3, 'noteImportance': 3, 'handmadeOverStore': 3, 'sharedMemoriesAppreciation': 3, 'relationshipCloseness': 3, 'uniqueGiftValue': 3, 'practicalOverSentimental': 3}","{'helpful': 'No', 'suggestion': ''}",2026-03-14 00:11:28.659000+00:00
1,"[{'gender': 'Female', 'knownDuration': '5+ year', 'id': 1, 'occasion': ['Thank you gift'], 'ageGroup': '25–35', 'gifts': [{'type': 'Jewellery', 'preferredStyle': ['Funny & Lighthearted'], 'jewelryColor': 'Silver', 'quantity': 1, 'jewelryStyle': 'Necklace', 'jewelryPrice': '4000–5000 PKR'}], 'relationship': 'Colleague/Professional', 'ageType': 'Adult'}]",Simple box,"{'personality': 3, 'experiencePreference': 3, 'handmadePreference': 3, 'budgetFlexibility': 3, 'stylePreference': 3, 'surpriseReaction': 3, 'connectionImportance': '5', 'noteImportance': 3, 'handmadeOverStore': 3, 'sharedMemoriesAppreciation': 3, 'relationshipCloseness': 3, 'uniqueGiftValue': 3, 'practicalOverSentimental': 3}","{'helpful': 'Maybe', 'suggestion': ''}",2026-02-27 05:21:21.271000+00:00
1,"[{'gender': 'Male', 'knownDuration': '3–5 year', 'id': 1, 'occasion': ['Get well soon'], 'ageGroup': 'More than 35 years', 'gifts': [{'type': 'Perfume', 'preferredStyle': ['Quirky & Unique'], 'perfumeScent': 'Floral', 'perfumePrice': '5000 PKR'}], 'relationship': 'Extended Family (Aunt, Uncle, Cousin)', 'ageType': 'Adult'}]",Acrylic box,"{'personality': 3, 'experiencePreference': 3, 'handmadePreference': 3, 'budgetFlexibility': 3, 'stylePreference': 3, 'surpriseReaction': 3, 'connectionImportance': 3, 'noteImportance': 3, 'handmadeOverStore': 3, 'sharedMemoriesAppreciation': '5', 'relationshipCloseness': 3, 'uniqueGiftValue': 3, 'practicalOverSentimental': 3}","{'helpful': 'No', 'suggestion': ''}",2026-04-05 22:33:23.167000+00:00
1,"[{'gender': 'Male', 'knownDuration': '1–3 year', 'id': 1, 'occasion': ['Anniversary'], 'ageGroup': '20–25', 'gifts': [{'type': 'Clothing', 'preferredStyle': ['Handmade & Crafted'], 'dressSize': 'S', 'maleDressStyle': 'Shalwar kameez', 'dressColors': ['Black'], 'dressType': 'Stitched dress', 'dressPrice': '8000–10,000 PKR'}], 'relationship': 'Spouse', 'ageType': 'Adult'}]",Basket with ribbon,"{'personality': '4', 'experiencePreference': '4', 'handmadePreference': '4', 'budgetFlexibility': '3', 'stylePreference': '4', 'surpriseReaction': '5', 'connectionImportance': '5', 'noteImportance': '5', 'handmadeOverStore': '5', 'sharedMemoriesAppreciation': '4', 'relationshipCloseness': '5', 'uniqueGiftValue': '5', 'practicalOverSentimental': '5'}","{'helpful': 'Yes', 'suggestion': ''}",2026-03-13 21:28:26.819000+00:00
1,"[{'gender': 'Female', 'knownDuration': '5+ year', 'id': 1, 'occasion': ['Birthday'], 'ageGroup': '25–35', 'gifts': [{'type': 'Jewellery', 'preferredStyle': ['Handmade & Crafted'], 'jewelryColor': 'Gold', 'quantity': 1, 'jewelryStyle': 'Earrings', 'jewelryPrice': 'More than 5000 PKR'}], 'relationship': 'Close Family(Parent, Sibling, Child)', 'ageType': 'Adult'}]",Basket with net,"{'personality': 3, 'experiencePreference': 3, 'handmadePreference': 3, 'budgetFlexibility': 3, 'stylePreference': 3, 'surpriseReaction': 3, 'connectionImportance': 3, 'noteImportance': 3, 'handmadeOverStore': 3, 'sharedMemoriesAppreciation': 3, 'relationshipCloseness': 3, 'uniqueGiftValue': 3, 'practicalOverSentimental': 3}","{'helpful': 'Yes', 'suggestion': ''}",2026-04-05 14:21:28.883000+00:00
1,"[{'gender': 'Male', 'knownDuration': '', 'id': 1, 'kidToyTypes': ['Outdoor/ Sports'], 'kidDislikes': ['Other'], 'occasion': ['Thank you gift'], 'ageGroup': '6–9', 'gifts': [{'type': 'Edible Stuff', 'edibleQuantity': 1, 'flavours': {'Marshmellows': 'Strawberry'}, 'foodItems': ['Marshmellows'], 'ediblePrice': '5000–6000 PKR'}], 'relationship': 'Extended Family (Aunt, Uncle, Cousin)', 'ageType': 'Kid'}]",Acrylic box,"{'personality': 3, 'experiencePreference': 3, 'handmadePreference': 3, 'budgetFlexibility': 3, 'stylePreference': 3, 'surpriseReaction': 3, 'connectionImportance': 3, 'noteImportance': 3, 'handmadeOverStore': 3, 'sharedMemoriesAppreciation': 3, 'relationshipCloseness': 3, 'uniqueGiftValue': 3, 'practicalOverSentimental': 3}","{'helpful': 'Yes', 'suggestion': ''}",2026-04-05 22:30:50.035000+00:00
1,"[{'gender': 'Male', 'knownDuration': 'Less than a year', 'id': 1, 'occasion': ['Thank you gift'], 'ageGroup': 'More than 35 years', 'gifts': [{'type': 'Clothing', 'preferredStyle': ['Funny & Lighthearted'], 'dressPieces': 'Two-piece', 'dressColors': ['White'], 'dressType': 'Unstitched dress', 'dressPrice': '10,000–15,000 PKR'}], 'relationship': 'Colleague/Professional', 'ageType': 'Adult'}]",Simple box,"{'personality': 3, 'experiencePreference': 3, 'handmadePreference': 3, 'budgetFlexibility': 3, 'stylePreference': 3, 'surpriseReaction': 3, 'connectionImportance': 3, 'noteImportance': 3, 'handmadeOverStore': 3, 'sharedMemoriesAppreciation': 3, 'relationshipCloseness': 3, 'uniqueGiftValue': 3, 'practicalOverSentimental': 3}","{'helpful': 'Yes', 'suggestion': ''}",2026-04-05 14:28:41.016000+00:00
1,"[{'gender': 'Male', 'knownDuration': '1–3 year', 'id': 1, 'occasion': ['Birthday'], 'ageGroup': '20–25', 'gifts': [{'type': 'Wallet', 'preferredStyle': ['Quirky & Unique'], 'walletColor': 'Black', 'walletPrice': '3000–5000 PKR', 'walletStyle': 'Card wallets'}, {'type': 'Perfume', 'preferredStyle': ['Quirky & Unique'], 'perfumeScent': 'Floral', 'perfumePrice': '5000 PKR'}], 'relationship': 'Friend', 'ageType': 'Adult'}]",Acrylic box,"{'personality': '2', 'experiencePreference': '5', 'handmadePreference': '5', 'budgetFlexibility': '5', 'stylePreference': '5', 'surpriseReaction': '5', 'connectionImportance': '5', 'noteImportance': '5', 'handmadeOverStore': '5', 'sharedMemoriesAppreciation': '5', 'relationshipCloseness': '5', 'uniqueGiftValue': '5', 'practicalOverSentimental': '5'}","{'helpful': 'Yes', 'suggestion': ''}",2025-12-24 17:11:14.851000+00:00
4,"[{'gender': 'Female', 'knownDuration': '5+ year', 'id': 1, 'occasion': ['Anniversary', 'Wedding/Engagement gift'], 'ageGroup': '20–25', 'gifts': [{'type': 'Perfume', 'preferredStyle': ['Quirky & Unique'], 'perfumeScent': 'Sweet', 'perfumePrice': '10,000–12,000 PKR'}, {'type': 'Bag/Wallet', 'preferredStyle': ['Quirky & Unique'], 'walletColor': 'Black', 'walletEngraving': 'No', 'walletPrice': '3000–5000 PKR', 'walletStyle': 'Mini wallets'}], 'relationship': 'Spouse', 'ageType': 'Adult'}, {'gender': 'Male', 'knownDuration': '5+ year', 'id': 2, 'occasion': ['Graduation'], 'ageGroup': '20–25', 'gifts': [{'type': 'Edible Stuff', 'preferredStyle': ['Funny & Lighthearted'], 'edibleQuantity': 1, 'flavours': {'Chocolates': 'Hazelnut'}, 'foodItems': ['Chocolates'], 'ediblePrice': '6000–7000 PKR'}], 'relationship': 'Friend', 'ageType': 'Adult'}, {'gender': 'Male', 'knownDuration': '5+ year', 'id': 3, 'occasion': ['Thank you gift'], 'ageGroup': '20–25', 'gifts': [{'type': 'Edible Stuff', 'preferredStyle': ['Funny & Lighthearted'], 'edibleQuantity': 1, 'flavours': {'Snacks': 'Barbecue'}, 'foodItems': ['Snacks'], 'ediblePrice': '3000–4000 PKR'}], 'relationship': 'Extended Family (Aunt, Uncle, Cousin)', 'ageType': 'Adult'}, {'gender': 'Female', 'knownDuration': '3–5 year', 'id': 4, 'occasion': ['Get well soon'], 'ageGroup': '16–20', 'gifts': [{'type': 'Makeup Products', 'preferredStyle': ['Funny & Lighthearted'], 'makeupPrice': '7000–8000 PKR', 'makeupItem': 'Lip gloss'}, {'type': 'Shoes', 'preferredStyle': ['Quirky & Unique'], 'shoePrice': '5000–10,000 PKR', 'shoeStyle': 'Slippers', 'shoeColor': 'Blue', 'shoeSize': '37'}, {'type': 'Bag/Wallet', 'preferredStyle': ['Funny & Lighthearted'], 'walletColor': 'Red', 'walletEngraving': 'Hj', 'walletPrice': '3000–5000 PKR', 'walletStyle': 'Tote bags'}], 'relationship': 'Friend', 'ageType': 'Adult'}]",Acrylic box,"{'personality': 3, 'experiencePreference': 3, 'handmadePreference': 3, 'budgetFlexibility': 3, 'stylePreference': 3, 'surpriseReaction': 3, 'connectionImportance': 3, 'noteImportance': 3, 'handmadeOverStore': 3, 'sharedMemoriesAppreciation': 3, 'relationshipCloseness': 3, 'uniqueGiftValue': 3, 'practicalOverSentimental': 3}","{'helpful': 'No', 'suggestion': 'No'}",2026-03-13 21:32:11.002000+00:00
1,"[{'gender': 'Female', 'knownDuration': '1–3 year', 'id': 1, 'occasion': ['Other'], 'ageGroup': '20–25', 'gifts': [{'type': 'Perfume', 'preferredStyle': ['Handmade & Crafted'], 'perfumeScent': 'Sweet', 'perfumePrice': '5000 PKR'}], 'relationship': 'Spouse', 'ageType': 'Adult'}]",Basket with net,"{'personality': '2', 'experiencePreference': '4', 'handmadePreference': '4', 'budgetFlexibility': '4', 'stylePreference': '4', 'surpriseReaction': '5', 'connectionImportance': '4', 'noteImportance': '4', 'handmadeOverStore': '4', 'sharedMemoriesAppreciation': '4', 'relationshipCloseness': '4', 'uniqueGiftValue': '4', 'practicalOverSentimental': '4'}","{'helpful': 'Yes', 'suggestion': 'Gifts should be prepared from the hearts . Gift is something which is a requirement of almost everyone, i would be delighted to suggest you guys to never compromise on the quality along with the presentation of your gift orders . Everything else is aside and wish you very best of luck in your journey basketeries🙌💐🎁'}",2026-03-14 00:22:24.071000+00:00
10,"[{'gender': 'Female', 'knownDuration': '5+ year', 'id': 1, 'occasion': ['Birthday'], 'ageGroup': '20–25', 'gifts': [{'type': 'Perfume', 'preferredStyle': ['Quirky & Unique'], 'perfumeScent': 'Floral', 'perfumePrice': '7000–10,000 PKR'}], 'relationship': 'Other', 'ageType': 'Adult'}, {'gender': 'Female', 'knownDuration': '5+ year', 'id': 2, 'occasion': ['Birthday'], 'ageGroup': '20–25', 'gifts': [{'type': 'Clothing', 'preferredStyle': ['Quirky & Unique'], 'dressSize': 'M', 'femaleDressStyle': 'Frock', 'dressColors': ['Black'], 'dressType': 'Stitched dress', 'dressPrice': '15,000–20,000 PKR'}], 'relationship': 'Other', 'ageType': 'Adult'}, {'gender': 'Female', 'knownDuration': '3–5 year', 'id': 3, 'occasion': ['Holiday'], 'ageGroup': '20–25', 'gifts': [{'type': 'Shoes', 'preferredStyle': ['Funny & Lighthearted'], 'shoePrice': '5000–10,000 PKR', 'shoeStyle': 'Heels', 'shoeColor': 'Blue', 'shoeSize': '37'}], 'relationship': 'Other', 'ageType': 'Adult'}, {'gender': 'Female', 'knownDuration': 'Less than a year', 'id': 4, 'occasion': ['Get well soon'], 'ageGroup': '20–25', 'gifts': [{'type': 'Edible Stuff', 'preferredStyle': ['Handmade & Crafted'], 'edibleQuantity': 1, 'flavours': {'Cake': 'Red Velvet'}, 'foodItems': ['Cake'], 'ediblePrice': '3000–4000 PKR'}], 'relationship': 'Friend', 'ageType': 'Adult'}, {'gender': 'Female', 'knownDuration': 'Less than a year', 'id': 5, 'occasion': ['Other'], 'ageGroup': '20–25', 'gifts': [{'type': 'Bag/Wallet', 'preferredStyle': ['Handmade & Crafted'], 'walletColor': 'Black', 'walletPrice': '3000–5000 PKR', 'walletStyle': 'Mini wallets'}], 'relationship': 'Other', 'ageType': 'Adult'}, {'gender': 'Female', 'knownDuration': 'Less than a year', 'id': 6, 'occasion': ['Thank you gift'], 'ageGroup': '20–25', 'gifts': [{'type': 'Perfume', 'preferredStyle': ['Quirky & Unique'], 'perfumeScent': 'Floral', 'perfumePrice': '7000–10,000 PKR'}], 'relationship': 'Other', 'ageType': 'Adult'}, {'gender': 'Female', 'knownDuration': 'Less than a year', 'id': 7, 'occasion': ['Graduation'], 'ageGroup': '20–25', 'gifts': [{'type': 'Bag/Wallet', 'preferredStyle': ['Quirky & Unique'], 'walletColor': 'Black', 'walletPrice': '10,000–15,000 PKR', 'walletStyle': 'Handbags'}], 'relationship': 'Extended Family (Aunt, Uncle, Cousin)', 'ageType': 'Adult'}, {'gender': 'Female', 'knownDuration': 'Less than a year', 'id': 8, 'occasion': ['Anniversary'], 'ageGroup': '20–25', 'gifts': [{'type': 'Jewellery', 'preferredStyle': ['Quirky & Unique'], 'jewelryColor': 'Gold', 'quantity': 1, 'jewelryStyle': 'Pendant', 'jewelryPrice': '4000–5000 PKR'}], 'relationship': 'Close Family(Parent, Sibling, Child)', 'ageType': 'Adult'}, {'gender': 'Male', 'knownDuration': '5+ year', 'id': 9, 'occasion': ['Other'], 'ageGroup': '16–20', 'gifts': [{'type': 'Wallet', 'preferredStyle': ['Funny & Lighthearted'], 'walletColor': 'Camel brown', 'walletPrice': '6000–8000 PKR', 'walletStyle': 'Travelling wallets'}], 'relationship': 'Close Family(Parent, Sibling, Child)', 'ageType': 'Adult'}, {'gender': 'Male', 'knownDuration': '5+ year', 'id': 10, 'occasion': ['Birthday'], 'ageGroup': '20–25', 'gifts': [{'type': 'Perfume', 'preferredStyle': ['Quirky & Unique'], 'perfumeScent': 'Floral', 'perfumePrice': '12,000–15,000 PKR'}], 'relationship': 'Other', 'ageType': 'Adult'}]",Acrylic box,"{'personality': 3, 'experiencePreference': 3, 'handmadePreference': 3, 'budgetFlexibility': 3, 'stylePreference': 3, 'surpriseReaction': 3, 'connectionImportance': 3, 'noteImportance': 3, 'handmadeOverStore': 3, 'sharedMemoriesAppreciation': 3, 'relationshipCloseness': 3, 'uniqueGiftValue': 3, 'practicalOverSentimental': 3}","{'helpful': 'Yes', 'suggestion': ''}",2026-03-13 21:44:53.876000+00:00
2,"[{'gender': 'Female', 'knownDuration': '5+ year', 'id': 1, 'occasion': ['Birthday'], 'ageGroup': '20–25', 'gifts': [{'type': 'Shoes', 'preferredStyle': ['Handmade & Crafted'], 'shoePrice': '5000 PKR', 'shoeStyle': 'Formal shoes', 'shoeColor': 'Black', 'shoeSize': '39'}, {'type': 'Perfume', 'preferredStyle': ['Handmade & Crafted'], 'perfumeScent': 'Spicy', 'perfumePrice': '5000–7000 PKR'}, {'type': 'Edible Stuff', 'preferredStyle': ['Funny & Lighthearted'], 'edibleQuantity': 1, 'flavours': {'Chocolates': 'Dark Chocolate'}, 'foodItems': ['Chocolates'], 'ediblePrice': '1000 PKR'}], 'relationship': 'Close Family(Parent, Sibling, Child)', 'ageType': 'Adult'}, {'gender': 'Female', 'knownDuration': '3–5 year', 'id': 2, 'occasion': ['Graduation', 'Birthday', 'Wedding/Engagement gift'], 'ageGroup': '20–25', 'gifts': [{'type': 'Bag/Wallet', 'preferredStyle': ['Handmade & Crafted'], 'walletColor': 'Black', 'walletPrice': '10,000–15,000 PKR', 'walletStyle': 'Tote bags'}], 'relationship': 'Spouse', 'ageType': 'Adult'}]",Basket with ribbon,"{'personality': 3, 'experiencePreference': 3, 'handmadePreference': 3, 'budgetFlexibility': 3, 'stylePreference': 3, 'surpriseReaction': 3, 'connectionImportance': 3, 'noteImportance': 3, 'handmadeOverStore': 3, 'sharedMemoriesAppreciation': 3, 'relationshipCloseness': 3, 'uniqueGiftValue': 3, 'practicalOverSentimental': 3}","{'helpful': 'Yes', 'suggestion': 'Great'}",2026-03-13 23:04:29.170000+00:00
1,"[{'gender': 'Male', 'knownDuration': 'Less than a year', 'id': 1, 'occasion': ['Holiday', 'Graduation'], 'ageGroup': '25–35', 'gifts': [{'type': 'Shoes', 'preferredStyle': ['Funny & Lighthearted'], 'shoePrice': '5000 PKR', 'shoeStyle': 'Formal shoes', 'shoeColor': 'Brown', 'shoeSize': '41'}], 'relationship': 'Close Family(Parent, Sibling, Child)', 'ageType': 'Adult'}]",Basket with ribbon,"{'personality': '2', 'experiencePreference': '2', 'handmadePreference': '3', 'budgetFlexibility': '4', 'stylePreference': '2', 'surpriseReaction': '4', 'connectionImportance': '2', 'noteImportance': '5', 'handmadeOverStore': '2', 'sharedMemoriesAppreciation': '4', 'relationshipCloseness': '2', 'uniqueGiftValue': '2', 'practicalOverSentimental': '4'}","{'helpful': 'Maybe', 'suggestion': ''}",2025-12-23 20:29:54.894000+00:00
1,"[{'gender': 'Female', 'knownDuration': '', 'id': 1, 'kidToyTypes': ['Building Toys (e.g. LEGO)'], 'kidDislikes': ['Labubu Dolls'], 'occasion': ['Birthday'], 'ageGroup': '1–3', 'gifts': [{'type': 'Perfume', 'perfumeScent': 'Woody', 'perfumeBudget': '2000–2500 PKR'}], 'relationship': 'Close Family(Parent, Sibling, Child)', 'ageType': 'Kid'}]",Basket with ribbon,"{'personality': 3, 'experiencePreference': 3, 'handmadePreference': 3, 'budgetFlexibility': 3, 'stylePreference': 3, 'surpriseReaction': 3, 'connectionImportance': 3, 'noteImportance': 3, 'handmadeOverStore': 3, 'sharedMemoriesAppreciation': 3, 'relationshipCloseness': 3, 'uniqueGiftValue': 3, 'practicalOverSentimental': 3}","{'helpful': '', 'suggestion': ''}",2026-02-06 14:12:45.033000+00:00
1,"[{'gender': 'Male', 'knownDuration': '5+ year', 'id': 1, 'occasion': ['Birthday'], 'ageGroup': '25–35', 'gifts': [{'type': 'Shoes', 'shoeColor': 'Brown', 'shoeSize': '41', 'shoeStyle': 'Sandals', 'shoePrice': '20,000–25,000 PKR'}, {'type': 'Wallet', 'walletColor': 'Brown', 'walletEngraving': 'X', 'walletPrice': '5000–6000 PKR', 'walletStyle': 'Bifold wallets'}, {'type': 'Edible Stuff', 'edibleQuantity': 2, 'flavours': {'Chocolates': 'Milk Chocolate', 'Cake': 'Vanilla'}, 'foodItems': ['Chocolates', 'Cake'], 'ediblePrice': '1000–2000 PKR'}], 'relationship': 'Close Family(Parent, Sibling, Child)', 'ageType': 'Adult'}]",Simple box,"{'personality': '4', 'experiencePreference': 3, 'handmadePreference': 3, 'budgetFlexibility': 3, 'stylePreference': 3, 'surpriseReaction': 3, 'connectionImportance': '5', 'noteImportance': 3, 'handmadeOverStore': 3, 'sharedMemoriesAppreciation': 3, 'relationshipCloseness': 3, 'uniqueGiftValue': 3, 'practicalOverSentimental': 3}","{'helpful': '', 'suggestion': ''}",2026-02-12 07:44:18.184000+00:00
1,"[{'gender': 'Female', 'knownDuration': '', 'id': 1, 'kidToyTypes': ['Building Toys (e.g. LEGO)'], 'kidDislikes': ['Labubu Dolls'], 'occasion': ['Get well soon'], 'ageGroup': 'Less than a year', 'gifts': [{'type': 'Edible Stuff', 'edibleQuantity': 1, 'flavours': {'Chocolates': 'Milk Chocolate'}, 'foodItems': ['Chocolates'], 'ediblePrice': '5000–6000 PKR'}], 'relationship': 'Close Family(Parent, Sibling, Child)', 'ageType': 'Kid'}]",Acrylic box,"{'personality': 3, 'experiencePreference': '2', 'handmadePreference': 3, 'budgetFlexibility': '4', 'stylePreference': 3, 'surpriseReaction': '1', 'connectionImportance': 3, 'noteImportance': '4', 'handmadeOverStore': '5', 'sharedMemoriesAppreciation': '2', 'relationshipCloseness': '2', 'uniqueGiftValue': '4', 'practicalOverSentimental': 3}","{'helpful': '', 'suggestion': ''}",2026-03-02 16:48:06.134000+00:00
1,"[{'gender': 'Male', 'knownDuration': '5+ year', 'id': 1, 'occasion': ['Graduation'], 'ageGroup': '20–25', 'gifts': [{'type': 'Perfume', 'preferredStyle': ['Handmade & Crafted'], 'perfumeScent': 'Floral', 'perfumePrice': '5000–7000 PKR'}], 'relationship': 'Extended Family (Aunt, Uncle, Cousin)', 'ageType': 'Adult'}]",Acrylic box,"{'personality': 3, 'experiencePreference': 3, 'handmadePreference': 3, 'budgetFlexibility': 3, 'stylePreference': 3, 'surpriseReaction': 3, 'connectionImportance': 3, 'noteImportance': 3, 'handmadeOverStore': 3, 'sharedMemoriesAppreciation': 3, 'relationshipCloseness': 3, 'uniqueGiftValue': 3, 'practicalOverSentimental': 3}","{'helpful': 'Yes', 'suggestion': ''}",2026-04-05 14:22:14.686000+00:00
2,"[{'gender': 'Male', 'knownDuration': 'Less than a year', 'id': 1, 'occasion': ['Wedding/Engagement gift'], 'ageGroup': '20–25', 'gifts': [{'type': 'Jewellery', 'preferredStyle': ['Funny & Lighthearted'], 'jewelryColor': 'Silver', 'quantity': 1, 'jewelryStyle': 'Bracelet', 'jewelryPrice': 'More than 5000 PKR'}], 'relationship': 'Spouse', 'ageType': 'Adult'}, {'gender': 'Male', 'knownDuration': 'Less than a year', 'id': 2, 'occasion': ['Wedding/Engagement gift'], 'ageGroup': '20–25', 'gifts': [{'type': 'Clothing', 'preferredStyle': ['Handmade & Crafted'], 'dressPrice': '10,000–15,000 PKR', 'maleDressStyle': 'Shalwar kameez', 'dressColors': ['Black', 'Maroon'], 'dressType': 'Stitched dress', 'dressSize': 'L'}], 'relationship': 'Spouse', 'ageType': 'Adult'}]",Basket with ribbon,"{'personality': 3, 'experiencePreference': 3, 'handmadePreference': 3, 'budgetFlexibility': 3, 'stylePreference': 3, 'surpriseReaction': 3, 'connectionImportance': 3, 'noteImportance': 3, 'handmadeOverStore': 3, 'sharedMemoriesAppreciation': 3, 'relationshipCloseness': 3, 'uniqueGiftValue': 3, 'practicalOverSentimental': 3}","{'helpful': 'Yes', 'suggestion': ''}",2026-03-13 22:12:15.871000+00:00
1,"[{'gender': 'Male', 'knownDuration': '1–3 year', 'id': 1, 'occasion': ['Other'], 'ageGroup': '20–25', 'gifts': [{'type': 'Wallet', 'preferredStyle': ['Quirky & Unique'], 'walletColor': 'Camel brown', 'walletPrice': '5000–6000 PKR', 'walletStyle': 'Formal bag'}], 'relationship': 'Other', 'ageType': 'Adult'}]",Simple box,"{'personality': '4', 'experiencePreference': 3, 'handmadePreference': 3, 'budgetFlexibility': 3, 'stylePreference': 3, 'surpriseReaction': 3, 'connectionImportance': '4', 'noteImportance': 3, 'handmadeOverStore': 3, 'sharedMemoriesAppreciation': 3, 'relationshipCloseness': 3, 'uniqueGiftValue': 3, 'practicalOverSentimental': 3}","{'helpful': 'No', 'suggestion': ''}",2026-01-08 16:09:41.445000+00:00
1,"[{'gender': 'Male', 'knownDuration': 'Less than a year', 'id': 1, 'occasion': ['Birthday', 'Wedding/Engagement gift'], 'ageGroup': '25–35', 'gifts': [{'type': 'Wallet', 'preferredStyle': ['Funny & Lighthearted'], 'walletColor': 'Brown', 'walletPrice': '8000–10,000 PKR', 'walletStyle': 'Bifold wallets'}], 'relationship': 'Extended Family (Aunt, Uncle, Cousin)', 'ageType': 'Adult'}]",Simple box,"{'personality': 3, 'experiencePreference': 3, 'handmadePreference': 3, 'budgetFlexibility': 3, 'stylePreference': 3, 'surpriseReaction': 3, 'connectionImportance': 3, 'noteImportance': 3, 'handmadeOverStore': '5', 'sharedMemoriesAppreciation': '5', 'relationshipCloseness': 3, 'uniqueGiftValue': 3, 'practicalOverSentimental': 3}","{'helpful': 'Yes', 'suggestion': ''}",2026-04-04 20:46:56.153000+00:00
1,"[{'gender': 'Female', 'knownDuration': '1–3 year', 'id': 1, 'occasion': ['Birthday'], 'ageGroup': '20–25', 'gifts': [{'type': 'Jewellery', 'preferredStyle': ['Quirky & Unique'], 'jewelryColor': 'Gold', 'quantity': 1, 'jewelryStyle': 'Chokr', 'jewelryPrice': '4000–5000 PKR'}], 'relationship': 'Close Family(Parent, Sibling, Child)', 'ageType': 'Adult'}]",Basket with ribbon,"{'personality': 3, 'experiencePreference': 3, 'handmadePreference': 3, 'budgetFlexibility': '5', 'stylePreference': 3, 'surpriseReaction': 3, 'connectionImportance': 3, 'noteImportance': 3, 'handmadeOverStore': 3, 'sharedMemoriesAppreciation': 3, 'relationshipCloseness': 3, 'uniqueGiftValue': 3, 'practicalOverSentimental': 3}","{'helpful': 'Yes', 'suggestion': ''}",2026-03-14 07:15:29.315000+00:00
1,"[{'gender': 'Male', 'knownDuration': 'Less than a year', 'id': 1, 'occasion': ['Wedding/Engagement gift'], 'ageGroup': 'More than 35 years', 'gifts': [{'type': 'Clothing', 'preferredStyle': ['Handmade & Crafted'], 'dressPieces': 'Two-piece', 'dressColors': ['White'], 'dressType': 'Unstitched dress', 'dressPrice': '10,000–15,000 PKR'}], 'relationship': 'Extended Family (Aunt, Uncle, Cousin)', 'ageType': 'Adult'}]",Simple box,"{'personality': 3, 'experiencePreference': '5', 'handmadePreference': 3, 'budgetFlexibility': 3, 'stylePreference': 3, 'surpriseReaction': 3, 'connectionImportance': 3, 'noteImportance': 3, 'handmadeOverStore': '5', 'sharedMemoriesAppreciation': 3, 'relationshipCloseness': 3, 'uniqueGiftValue': '5', 'practicalOverSentimental': 3}","{'helpful': 'Yes', 'suggestion': ''}",2026-03-17 12:34:19.313000+00:00
1,"[{'gender': 'Male', 'knownDuration': '5+ year', 'id': 1, 'occasion': ['Birthday'], 'ageGroup': '16–20', 'gifts': [{'type': 'Shoes', 'preferredStyle': ['Quirky & Unique'], 'shoePrice': '10,000–15,000 PKR', 'shoeStyle': 'Loafers', 'shoeColor': 'Black', 'shoeSize': '42'}, {'type': 'Perfume', 'preferredStyle': ['Handmade & Crafted'], 'perfumeScent': 'Spicy', 'perfumePrice': '7000–10,000 PKR'}, {'type': 'Clothing', 'preferredStyle': ['Quirky & Unique'], 'dressSize': 'S', 'maleDressStyle': 'Shalwar kameez', 'dressColors': ['Black'], 'dressType': 'Stitched dress', 'dressPrice': '8000–10,000 PKR'}], 'relationship': 'Close Family(Parent, Sibling, Child)', 'ageType': 'Adult'}]",Basket with ribbon,"{'personality': '4', 'experiencePreference': 3, 'handmadePreference': '4', 'budgetFlexibility': 3, 'stylePreference': '4', 'surpriseReaction': '4', 'connectionImportance': 3, 'noteImportance': 3, 'handmadeOverStore': 3, 'sharedMemoriesAppreciation': 3, 'relationshipCloseness': '4', 'uniqueGiftValue': 3, 'practicalOverSentimental': 3}","{'helpful': 'Yes', 'suggestion': 'Good'}",2026-04-08 05:21:32.698000+00:00
1,"[{'gender': 'Female', 'knownDuration': 'Less than a year', 'id': 1, 'occasion': ['Birthday'], 'ageGroup': '16–20', 'gifts': [{'type': 'Perfume', 'preferredStyle': ['Quirky & Unique'], 'perfumeScent': 'Floral', 'perfumePrice': '10,000–12,000 PKR'}], 'relationship': 'Spouse', 'ageType': 'Adult'}]",Acrylic box,"{'personality': 3, 'experiencePreference': 3, 'handmadePreference': 3, 'budgetFlexibility': 3, 'stylePreference': 3, 'surpriseReaction': 3, 'connectionImportance': 3, 'noteImportance': 3, 'handmadeOverStore': 3, 'sharedMemoriesAppreciation': 3, 'relationshipCloseness': 3, 'uniqueGiftValue': 3, 'practicalOverSentimental': 3}","{'helpful': 'Yes', 'suggestion': ''}",2026-04-05 14:26:22.221000+00:00
1,"[{'gender': 'Female', 'knownDuration': '', 'id': 1, 'kidToyTypes': ['Other'], 'kidDislikes': ['Messy Crafts'], 'occasion': ['Birthday'], 'ageGroup': '3–6', 'gifts': [{'type': 'Toys', 'kidBudget': '5500 – 7500 PKR'}], 'relationship': 'Close Family(Parent, Sibling, Child)', 'ageType': 'Kid'}]",Simple box,"{'personality': '5', 'experiencePreference': 3, 'handmadePreference': '1', 'budgetFlexibility': '5', 'stylePreference': '1', 'surpriseReaction': '5', 'connectionImportance': '5', 'noteImportance': '5', 'handmadeOverStore': '5', 'sharedMemoriesAppreciation': 3, 'relationshipCloseness': '5', 'uniqueGiftValue': '5', 'practicalOverSentimental': '1'}","{'helpful': 'Yes', 'suggestion': ''}",2026-03-13 22:16:52.147000+00:00
1,"[{'gender': 'Male', 'knownDuration': '3–5 year', 'id': 1, 'occasion': ['Birthday', 'Anniversary', 'Wedding/Engagement gift'], 'ageGroup': '20–25', 'gifts': [{'type': 'Perfume', 'preferredStyle': ['Handmade & Crafted'], 'perfumeScent': 'Sweet', 'perfumePrice': '5000–7000 PKR'}], 'relationship': 'Close Family(Parent, Sibling, Child)', 'ageType': 'Adult'}]",Basket with net,"{'personality': 3, 'experiencePreference': 3, 'handmadePreference': 3, 'budgetFlexibility': 3, 'stylePreference': '4', 'surpriseReaction': 3, 'connectionImportance': 3, 'noteImportance': 3, 'handmadeOverStore': 3, 'sharedMemoriesAppreciation': 3, 'relationshipCloseness': 3, 'uniqueGiftValue': 3, 'practicalOverSentimental': 3}","{'helpful': 'Maybe', 'suggestion': ''}",2026-01-09 11:16:49.651000+00:00
2,"[{'gender': 'Male', 'knownDuration': '3–5 year', 'id': 1, 'occasion': ['Graduation'], 'ageGroup': '20–25', 'gifts': [{'type': 'Wallet', 'preferredStyle': ['Quirky & Unique'], 'walletColor': 'Brown', 'walletPrice': '6000–8000 PKR', 'walletStyle': 'Card wallets'}, {'type': 'Perfume', 'preferredStyle': ['Quirky & Unique'], 'perfumeScent': 'Floral', 'perfumePrice': '5000–7000 PKR'}], 'relationship': 'Friend', 'ageType': 'Adult'}, {'gender': 'Female', 'knownDuration': '5+ year', 'id': 2, 'occasion': ['Graduation', 'Wedding/Engagement gift'], 'ageGroup': '20–25', 'gifts': [{'type': 'Edible Stuff', 'preferredStyle': ['Quirky & Unique'], 'edibleQuantity': 1, 'flavours': {'Chocolates': 'Hazelnut'}, 'foodItems': ['Chocolates'], 'ediblePrice': '4000–5000 PKR'}], 'relationship': 'Colleague/Professional', 'ageType': 'Adult'}]",Basket with ribbon,"{'personality': '5', 'experiencePreference': 3, 'handmadePreference': '2', 'budgetFlexibility': 3, 'stylePreference': 3, 'surpriseReaction': 3, 'connectionImportance': 3, 'noteImportance': 3, 'handmadeOverStore': 3, 'sharedMemoriesAppreciation': 3, 'relationshipCloseness': 3, 'uniqueGiftValue': 3, 'practicalOverSentimental': 3}","{'helpful': 'Yes', 'suggestion': ''}",2026-03-13 21:48:35.926000+00:00
1,"[{'gender': 'Female', 'knownDuration': '', 'id': 1, 'kidToyTypes': ['Arts & Crafts'], 'kidDislikes': ['Noisy Toys'], 'occasion': ['Birthday'], 'ageGroup': '12–15', 'gifts': [{'type': 'Edible Stuff', 'edibleQuantity': 1, 'flavours': {'Cake': 'Black Forest'}, 'foodItems': ['Cake'], 'ediblePrice': '4000–5000 PKR'}], 'relationship': 'Close Family(Parent, Sibling, Child)', 'ageType': 'Kid'}]",Basket with ribbon,"{'personality': '5', 'experiencePreference': 3, 'handmadePreference': '5', 'budgetFlexibility': 3, 'stylePreference': 3, 'surpriseReaction': 3, 'connectionImportance': '5', 'noteImportance': 3, 'handmadeOverStore': 3, 'sharedMemoriesAppreciation': 3, 'relationshipCloseness': 3, 'uniqueGiftValue': 3, 'practicalOverSentimental': 3}","{'helpful': 'Yes', 'suggestion': 'Ggg'}",2026-01-01 07:27:14.567000+00:00
3,"[{'gender': 'Male', 'knownDuration': '5+ year', 'id': 1, 'occasion': ['Birthday'], 'ageGroup': '16–20', 'gifts': [{'type': 'Clothing', 'preferredStyle': ['Handmade & Crafted'], 'maleDressStyle': 'Shalwar kameez', 'dressPieces': 'Two-piece', 'dressColors': ['White'], 'dressType': 'Unstitched dress', 'dressPrice': '5000 PKR'}], 'relationship': 'Friend', 'ageType': 'Adult'}, {'gender': 'Male', 'knownDuration': '5+ year', 'id': 2, 'occasion': ['Birthday'], 'ageGroup': '16–20', 'gifts': [{'type': 'Perfume', 'preferredStyle': ['Quirky & Unique'], 'perfumeScent': 'Floral', 'perfumePrice': '5000 PKR'}], 'relationship': 'Friend', 'ageType': 'Adult'}, {'gender': 'Male', 'knownDuration': '3–5 year', 'id': 3, 'occasion': ['Birthday'], 'ageGroup': '20–25', 'gifts': [{'type': 'Edible Stuff', 'preferredStyle': ['Funny & Lighthearted'], 'edibleQuantity': 2, 'flavours': {'Snacks': 'Barbecue'}, 'foodItems': ['Cola cans', 'Snacks'], 'ediblePrice': '1000–2000 PKR'}], 'relationship': 'Friend', 'ageType': 'Adult'}]",Basket with ribbon,"{'personality': 3, 'experiencePreference': 3, 'handmadePreference': 3, 'budgetFlexibility': 3, 'stylePreference': 3, 'surpriseReaction': 3, 'connectionImportance': 3, 'noteImportance': 3, 'handmadeOverStore': 3, 'sharedMemoriesAppreciation': 3, 'relationshipCloseness': 3, 'uniqueGiftValue': 3, 'practicalOverSentimental': 3}","{'helpful': 'Maybe', 'suggestion': ''}",2026-03-13 21:47:52.553000+00:00
